Gr Liv Area,Lot Area,Total Bsmt SF,Overall Qual,Overall Cond,Year Built,Year Remod/Add,Bedroom AbvGr,Full Bath,Half Bath,TotRms AbvGrd,Fireplaces,Garage Cars,Garage Area,Neighborhood,Central Air,Sale Condition,SalePrice
1656,31770,1080.0,6,5,1960,1960,3,1,0,7,2,2.0,528.0,NAmes,Y,Normal,215000
896,11622,882.0,5,6,1961,1961,2,1,0,5,0,1.0,730.0,NAmes,Y,Normal,105000
1329,14267,1329.0,6,6,1958,1958,3,1,1,6,0,1.0,312.0,NAmes,Y,Normal,172000
2110,11160,2110.0,7,5,1968,1968,3,2,1,8,2,2.0,522.0,NAmes,Y,Normal,244000
1629,13830,928.0,5,5,1997,1998,3,2,1,6,1,2.0,482.0,Gilbert,Y,Normal,189900
1604,9978,926.0,6,6,1998,1998,3,2,1,7,1,2.0,470.0,Gilbert,Y,Normal,195500
1338,4920,1338.0,8,5,2001,2001,2,2,0,6,0,2.0,582.0,StoneBr,Y,Normal,213500
1280,5005,1280.0,8,5,1992,1992,2,2,0,5,0,2.0,506.0,StoneBr,Y,Normal,191500
1616,5389,1595.0,8,5,1995,1996,2,2,0,5,1,2.0,608.0,StoneBr,Y,Normal,236500
1804,7500,994.0,7,5,1999,1999,3,2,1,7,1,2.0,442.0,Gilbert,Y,Normal,189000
1655,10000,763.0,6,5,1993,1994,3,2,1,7,1,2.0,440.0,Gilbert,Y,Normal,175900
1187,7980,1168.0,6,7,1992,2007,3,2,0,6,0,2.0,420.0,Gilbert,Y,Normal,185000
1465,8402,789.0,6,5,1998,1998,3,2,1,7,1,2.0,393.0,Gilbert,Y,Normal,180400
1341,10176,1300.0,7,5,1990,1990,2,1,1,5,1,2.0,506.0,Gilbert,Y,Normal,171500
1502,6820,1488.0,8,5,1985,1985,1,1,1,4,0,2.0,528.0,StoneBr,Y,Normal,212000
3279,53504,1650.0,8,5,2003,2003,4,3,1,12,1,3.0,841.0,StoneBr,Y,Normal,538000
1752,12134,559.0,8,7,1988,2005,4,2,0,8,0,2.0,492.0,Gilbert,Y,Normal,164000
1856,11394,1856.0,9,2,2010,2010,1,1,1,8,1,3.0,834.0,StoneBr,Y,Partial,394432
864,19138,864.0,4,5,1951,1951,2,1,0,4,0,2.0,400.0,Gilbert,Y,Normal,141000
2073,13175,1542.0,6,6,1978,1988,3,2,0,7,2,2.0,500.0,NWAmes,Y,Normal,210000
1844,11751,1844.0,6,6,1977,1977,3,2,0,7,1,2.0,546.0,NWAmes,Y,Normal,190000
1173,10625,1053.0,7,6,1974,1974,3,2,0,6,2,2.0,528.0,NWAmes,Y,Family,170000
1674,7500,814.0,7,5,2000,2000,3,2,1,7,0,2.0,663.0,Somerst,Y,Normal,216000
1004,11241,1004.0,6,7,1970,1970,2,1,0,5,1,2.0,480.0,NAmes,Y,Normal,149000
1078,12537,1078.0,5,6,1971,2008,3,1,1,6,1,2.0,500.0,NAmes,Y,Normal,149900
1056,8450,1056.0,5,6,1968,1968,3,1,0,6,1,1.0,304.0,NAmes,Y,Normal,142000
882,8400,882.0,4,5,1970,1970,2,1,0,4,0,2.0,525.0,NAmes,Y,Normal,126000
864,10500,864.0,4,5,1971,1971,3,1,0,5,1,0.0,0.0,NAmes,Y,Normal,115000
1337,5858,1405.0,7,5,1999,1999,2,2,0,5,1,2.0,511.0,NAmes,Y,Normal,184000
987,1680,483.0,6,5,1971,1971,2,1,1,5,0,1.0,264.0,BrDale,Y,Normal,96000
1092,1680,525.0,5,5,1971,1971,3,1,1,6,0,1.0,320.0,BrDale,Y,Normal,105500
1092,1680,525.0,6,5,1971,1971,3,1,1,6,0,1.0,264.0,BrDale,Y,Family,88000
1069,4043,1069.0,6,5,1977,1977,2,2,0,4,1,2.0,440.0,NPkVill,Y,Normal,127500
1456,2280,855.0,6,6,1975,1975,3,2,1,6,1,2.0,440.0,NPkVill,Y,Normal,149900
836,2280,836.0,7,6,1975,1975,2,1,0,4,0,1.0,308.0,NPkVill,Y,Normal,120000
1456,2280,855.0,6,5,1978,1978,3,2,1,7,1,2.0,440.0,NPkVill,Y,Normal,146000
2334,12858,1590.0,9,5,2009,2010,3,2,1,10,1,3.0,751.0,NridgHt,Y,Partial,376162
1704,11478,1704.0,8,5,2007,2008,3,2,0,7,1,3.0,772.0,NridgHt,Y,Normal,306000
1940,10159,1930.0,9,5,2009,2010,3,2,1,8,1,3.0,606.0,NridgHt,Y,Partial,395192
1544,12883,1544.0,8,5,2009,2010,3,2,0,7,0,3.0,868.0,NridgHt,Y,Partial,290941
1541,12182,1541.0,7,5,2005,2005,3,2,0,7,1,2.0,532.0,NridgHt,Y,Partial,220000
1698,11520,1698.0,9,5,2005,2005,3,2,0,7,1,3.0,730.0,NridgHt,Y,Normal,275000
1822,14122,1822.0,8,5,2005,2006,3,2,0,8,1,3.0,678.0,NridgHt,Y,Normal,259000
1535,10171,1517.0,7,5,2004,2004,3,2,0,7,0,2.0,532.0,NridgHt,Y,Normal,214000
2364,12919,2330.0,9,5,2009,2010,2,2,1,11,2,3.0,820.0,NridgHt,Y,Partial,611657
1358,6371,1358.0,7,5,2009,2010,2,2,0,6,1,2.0,484.0,NridgHt,Y,Partial,224000
2696,14300,2846.0,9,5,2003,2004,3,2,1,10,2,3.0,958.0,NridgHt,Y,Normal,500000
2250,13650,1671.0,8,5,2002,2002,3,2,1,7,1,3.0,756.0,NridgHt,Y,Normal,320000
1752,7658,1752.0,9,5,2005,2005,2,2,0,6,1,2.0,576.0,NridgHt,Y,Normal,319900
1370,7132,1370.0,8,5,2006,2006,2,2,0,6,1,2.0,484.0,NridgHt,Y,Normal,205000
1626,2628,764.0,7,5,2003,2003,2,2,1,6,0,2.0,474.0,NridgHt,Y,Normal,175500
1324,18494,1324.0,6,5,2005,2005,3,2,0,6,0,2.0,430.0,Gilbert,Y,Normal,199500
1145,3203,1145.0,7,5,2006,2006,2,2,0,6,0,2.0,437.0,Blmngtn,Y,Normal,160000
1269,3182,1256.0,8,5,2004,2005,2,2,0,6,1,2.0,430.0,Blmngtn,Y,Normal,192000
1374,13300,384.0,7,5,2004,2004,3,2,1,7,1,2.0,400.0,Gilbert,Y,Normal,184500
1960,7851,860.0,6,5,2002,2002,4,2,1,8,2,2.0,440.0,Gilbert,Y,Normal,216500
1733,8577,847.0,7,5,2004,2004,3,2,1,7,1,2.0,433.0,Gilbert,Y,Normal,185088
1430,7750,384.0,7,5,2000,2000,3,2,1,7,1,2.0,400.0,Gilbert,Y,Normal,180000
2035,9505,884.0,7,5,2001,2001,3,2,1,8,1,2.0,434.0,Gilbert,Y,Normal,222500
2599,14774,1393.0,9,5,1999,1999,4,2,1,10,1,3.0,779.0,NoRidge,Y,Normal,333168
2475,17433,1629.0,8,5,1998,1998,4,2,1,7,1,3.0,962.0,NoRidge,Y,Normal,355000
1720,10593,1720.0,7,5,1996,1996,3,2,0,7,1,2.0,527.0,NoRidge,Y,Normal,260400
2622,12256,1463.0,8,5,1994,1995,3,2,1,9,2,2.0,712.0,NoRidge,Y,Normal,325000
2270,11764,1152.0,8,7,1999,2007,4,2,1,9,1,3.0,671.0,NoRidge,Y,Normal,290000
1839,16770,1195.0,7,5,1998,1998,4,2,1,7,0,2.0,486.0,NoRidge,Y,Normal,221000
3238,14720,2033.0,8,5,1995,1996,4,2,1,9,1,3.0,666.0,NoRidge,Y,Normal,410000
1595,8987,1595.0,8,5,2005,2006,2,2,0,6,1,3.0,880.0,Somerst,Y,Normal,221500
1218,9215,1218.0,7,5,2009,2010,2,2,0,4,0,2.0,676.0,Somerst,Y,Partial,204500
1547,8640,756.0,7,5,2009,2009,3,2,1,7,0,2.0,614.0,Somerst,Y,Normal,215200
1566,9000,1566.0,8,5,2008,2008,3,2,0,7,0,2.0,750.0,Somerst,Y,Normal,262500
1947,12552,991.0,7,5,2004,2005,3,2,1,8,1,2.0,678.0,Somerst,Y,Normal,254900
1468,10440,1468.0,6,5,2005,2005,2,2,0,6,1,2.0,528.0,Somerst,Y,Normal,271500
2084,10142,956.0,7,5,2004,2004,4,2,1,8,0,2.0,618.0,SawyerW,Y,Normal,233000
1659,11920,831.0,7,5,2004,2004,3,2,1,8,0,2.0,484.0,SawyerW,Y,Normal,181000
2110,8880,948.0,7,5,1994,2002,3,2,1,8,2,2.0,463.0,SawyerW,Y,Normal,205000
923,8012,923.0,6,5,1980,1980,2,2,0,5,1,1.0,264.0,SawyerW,Y,Normal,143000
1845,11218,1055.0,6,5,1992,1992,3,2,1,8,1,2.0,462.0,SawyerW,Y,Normal,189000
918,7892,918.0,6,5,1979,1979,2,2,0,5,1,1.0,264.0,SawyerW,Y,Normal,99500
752,7175,744.0,6,5,1984,1984,2,1,0,4,0,1.0,264.0,SawyerW,Y,Normal,125000
1744,9453,996.0,7,7,1993,2003,3,2,1,7,0,2.0,457.0,SawyerW,Y,Normal,194500
1097,9672,1040.0,6,5,1984,1985,3,2,0,6,0,2.0,480.0,SawyerW,Y,Normal,152000
1564,8400,650.0,6,6,1980,1981,3,2,1,7,1,2.0,476.0,SawyerW,Y,Normal,171000
1012,9800,816.0,5,5,1920,1950,2,1,0,5,0,1.0,429.0,SawyerW,N,Normal,67500
1902,8930,0.0,6,5,1978,1978,4,2,0,8,0,2.0,539.0,Sawyer,Y,Normal,112000
1155,11782,1109.0,5,7,1961,1995,3,1,0,6,0,2.0,576.0,Sawyer,Y,Normal,148000
894,8450,894.0,5,8,1965,2009,3,1,0,5,1,1.0,336.0,Sawyer,Y,Normal,138500
900,9819,882.0,5,5,1967,1967,3,1,0,5,0,1.0,280.0,Sawyer,Y,Normal,122000
1040,7500,1040.0,5,5,1963,1963,3,1,1,5,0,1.0,308.0,Sawyer,Y,Normal,133000
1040,6897,1040.0,5,8,1962,2010,3,1,1,6,0,1.0,260.0,Sawyer,Y,Normal,127000
1494,15410,1208.0,6,6,1974,2002,3,2,0,7,2,2.0,461.0,Sawyer,Y,Abnorml,169000
1923,10186,750.0,7,5,1992,1992,3,2,1,8,1,2.0,564.0,NoRidge,Y,Normal,190000
2349,13143,1231.0,8,5,1993,1993,4,2,1,9,1,3.0,762.0,NoRidge,Y,Normal,362500
2225,11134,1390.0,8,5,1992,1993,4,2,1,7,1,3.0,713.0,NoRidge,Y,Normal,285000
1488,4835,1488.0,7,5,2004,2005,2,2,0,6,1,2.0,506.0,Somerst,Y,Normal,260000
1680,3515,840.0,7,5,2004,2004,2,2,1,3,0,2.0,588.0,Somerst,Y,Normal,190000
1200,3215,600.0,7,5,2004,2004,2,2,1,4,0,2.0,480.0,Somerst,Y,Normal,155000
1200,3182,600.0,7,5,2004,2005,2,2,1,4,0,2.0,480.0,Somerst,Y,Normal,151000
1200,2544,600.0,7,5,2004,2005,2,2,1,4,0,2.0,480.0,Somerst,Y,Normal,149500
1236,2544,600.0,6,5,2005,2005,2,2,1,4,0,2.0,480.0,Somerst,Y,Normal,152000
1478,4403,1470.0,7,5,2009,2009,2,2,1,7,1,2.0,484.0,Somerst,Y,Partial,222000
1573,2117,756.0,6,5,2000,2000,3,2,1,5,0,2.0,440.0,Somerst,Y,Normal,177500
1512,2980,756.0,6,5,2000,2000,2,2,1,5,0,2.0,440.0,Somerst,Y,Normal,177000
1416,2572,696.0,7,5,1999,1999,3,2,1,6,0,2.0,484.0,Somerst,Y,Normal,155000
1080,2403,530.0,7,5,2003,2003,2,2,1,4,0,2.0,496.0,Somerst,Y,Normal,147110
1418,12853,1642.0,8,5,2010,2010,1,1,1,6,1,3.0,852.0,Somerst,Y,Partial,267916
1848,7379,975.0,8,5,2000,2000,3,2,1,7,1,2.0,592.0,Somerst,Y,Normal,254000
788,4420,728.0,8,5,1980,1980,1,1,0,3,1,2.0,484.0,Greens,Y,Normal,155000
1226,3880,1226.0,8,6,1978,1978,1,1,0,4,1,2.0,484.0,Greens,Y,Normal,206000
1479,13517,725.0,6,8,1976,2005,3,2,1,6,0,2.0,475.0,Sawyer,Y,Normal,130500
1492,8000,1492.0,7,5,2002,2002,3,2,0,6,1,2.0,596.0,Somerst,Y,Normal,230000
1829,10456,1829.0,6,6,1967,1967,4,2,0,8,0,2.0,535.0,NWAmes,Y,Normal,218500
2495,10791,1280.0,6,5,1993,1993,4,2,1,9,1,2.0,660.0,NWAmes,Y,Normal,243500
1610,10603,1610.0,6,7,1977,2001,3,2,0,6,2,2.0,480.0,NWAmes,Y,Normal,205000
1891,18837,1224.0,6,5,1978,1978,3,3,0,7,1,2.0,678.0,NWAmes,Y,Normal,212500
1714,10421,980.0,7,5,1988,1988,3,2,1,7,1,2.0,496.0,NWAmes,Y,Normal,196500
1381,9360,1161.0,6,7,1972,2006,3,1,1,5,1,2.0,676.0,NWAmes,Y,Normal,197500
1645,9600,715.0,6,6,1971,1971,4,1,2,7,0,2.0,441.0,NWAmes,Y,Normal,171000
1232,9600,1232.0,5,5,1966,1966,3,1,1,6,0,2.0,490.0,NAmes,Y,Normal,142250
1328,9790,1328.0,6,5,1963,1963,3,1,1,6,2,2.0,528.0,NWAmes,Y,Normal,143000
1225,9320,950.0,4,5,1959,1959,3,1,1,6,0,0.0,0.0,NAmes,Y,Normal,128950
1209,9900,1209.0,5,5,1966,1966,3,1,0,6,0,2.0,504.0,NAmes,Y,Normal,159000
1510,9680,1510.0,5,6,1967,1967,3,2,0,6,0,2.0,517.0,NAmes,Y,Normal,178900
1775,10600,533.0,6,5,1964,1964,3,2,0,8,0,2.0,480.0,NAmes,Y,Family,136300
1152,14112,1152.0,5,7,1964,1964,3,1,0,6,1,2.0,484.0,NAmes,Y,Normal,180500
1054,8800,936.0,6,7,1963,1963,3,1,0,6,0,2.0,480.0,NAmes,Y,Abnorml,137500
1728,13260,1728.0,5,6,1962,2001,6,2,0,10,0,0.0,0.0,NAmes,Y,Abnorml,84900
1078,9717,1078.0,5,6,1950,1996,2,1,0,5,0,1.0,240.0,NAmes,Y,Normal,142125
2461,9724,1140.0,5,7,1952,2002,3,2,0,7,2,2.0,400.0,NAmes,Y,Normal,197600
1556,17360,782.0,6,6,1949,1950,3,2,0,6,1,2.0,470.0,NAmes,Y,Normal,172500
858,7207,858.0,5,7,1958,2008,2,1,0,4,0,0.0,0.0,BrkSide,Y,Normal,116500
1306,5350,728.0,3,2,1940,1966,3,1,0,6,0,0.0,0.0,BrkSide,Y,Normal,76500
1063,9920,1056.0,5,5,1954,1954,3,1,0,6,0,1.0,280.0,NAmes,Y,Normal,128000
1520,9600,1156.0,6,6,1955,1972,3,1,0,7,2,1.0,364.0,NAmes,Y,Normal,153000
1268,7800,1268.0,5,6,1954,1954,2,1,0,7,1,1.0,244.0,NAmes,Y,Normal,132000
1128,11380,1080.0,6,8,1966,2008,2,1,0,5,1,1.0,315.0,NAmes,Y,Normal,178000
2274,11600,1105.0,5,5,1960,1960,5,2,0,12,0,2.0,480.0,NAmes,Y,Normal,154300
2207,19900,1947.0,7,5,1970,1989,3,2,0,7,1,2.0,576.0,NAmes,Y,Normal,180000
1888,16492,1517.0,6,6,1966,2002,2,2,1,6,1,2.0,578.0,NAmes,Y,Normal,190000
1604,8267,1604.0,5,5,1958,1958,4,2,0,8,0,2.0,576.0,NAmes,Y,Normal,135000
1480,8197,1480.0,7,5,2003,2009,3,2,0,7,0,2.0,620.0,NAmes,Y,Normal,214000
1143,8050,1143.0,5,5,1959,1959,3,1,0,6,0,1.0,308.0,NAmes,Y,Normal,136000
1700,10552,1398.0,5,5,1959,1959,4,1,1,6,1,2.0,447.0,NAmes,Y,Normal,165500
1314,8400,1314.0,5,6,1957,1957,3,1,0,5,0,1.0,294.0,NAmes,Y,Normal,145000
1194,8760,1194.0,6,6,1959,1959,3,1,0,6,0,1.0,312.0,NAmes,Y,Normal,148000
1188,12160,1188.0,5,5,1959,1959,3,1,0,6,0,2.0,531.0,NAmes,Y,Abnorml,142000
1264,9300,1268.0,5,5,1960,1960,3,1,0,6,2,2.0,461.0,NAmes,Y,Normal,167500
1206,10725,1206.0,5,5,1959,1959,3,1,0,6,0,1.0,312.0,NAmes,Y,Normal,108538
1580,10032,1244.0,6,5,1959,1959,3,1,1,6,2,2.0,440.0,NAmes,Y,Normal,159500
1337,8382,832.0,4,5,1956,1956,3,1,0,5,0,1.0,263.0,NAmes,Y,Normal,108000
1064,10950,864.0,5,7,1952,1952,2,1,0,4,0,1.0,318.0,NAmes,Y,Normal,135000
972,10895,972.0,5,6,1955,1955,3,1,0,5,0,1.0,305.0,NAmes,Y,Normal,122500
988,13587,988.0,5,5,1958,1958,2,1,0,5,0,1.0,264.0,NAmes,Y,Abnorml,119000
1057,7922,1057.0,5,7,1953,2007,3,1,0,5,0,1.0,246.0,NAmes,Y,Abnorml,109000
985,7898,576.0,4,7,1920,1994,2,1,0,4,0,2.0,676.0,NAmes,Y,Normal,105000
827,7200,0.0,5,7,1955,2007,2,1,0,5,1,1.0,392.0,NAmes,Y,Normal,107500
1086,10200,1086.0,5,7,1954,2003,3,1,0,6,0,2.0,490.0,NAmes,Y,Normal,144900
936,5868,936.0,5,7,1956,2000,2,1,0,4,0,1.0,308.0,NAmes,Y,Normal,129000
1458,17503,912.0,6,5,1948,1950,3,1,0,6,1,1.0,330.0,NAmes,Y,Abnorml,97500
1056,6979,1056.0,6,5,1980,1980,0,0,0,4,0,2.0,576.0,OldTown,Y,Normal,144000
1287,9830,1063.0,5,7,1959,2006,3,1,0,7,1,2.0,576.0,NAmes,Y,Normal,162000
2978,11275,710.0,7,7,1967,2007,5,2,1,11,1,2.0,564.0,NAmes,Y,Normal,242000
1224,8064,816.0,6,8,1948,2004,3,1,0,5,0,1.0,280.0,NAmes,Y,Normal,132000
1246,7500,1246.0,5,7,1959,1994,3,1,1,6,0,1.0,305.0,NAmes,Y,Normal,154000
1385,8520,910.0,5,4,1952,1952,4,2,0,6,0,2.0,720.0,NAmes,Y,Normal,166000
900,7200,900.0,5,7,1951,2000,3,1,0,5,0,2.0,576.0,NAmes,Y,Normal,134800
1116,10000,1116.0,6,6,1962,1962,3,1,1,5,0,2.0,440.0,NAmes,Y,Normal,160000
1175,7635,1175.0,5,6,1960,1960,3,1,1,6,0,2.0,484.0,NAmes,Y,Normal,148000
1395,9760,1395.0,6,7,1963,1984,2,1,0,7,1,2.0,440.0,NAmes,Y,Normal,192000
1839,7700,756.0,6,5,1966,1966,4,1,1,7,1,2.0,442.0,NAmes,Y,Normal,155000
1844,4800,709.0,4,5,1900,1954,3,1,0,9,2,1.0,240.0,OldTown,Y,Abnorml,80400
1140,8800,576.0,4,7,1910,2004,3,1,0,7,0,0.0,0.0,OldTown,Y,Normal,96500
936,4485,936.0,5,7,1920,1950,2,1,0,5,1,0.0,0.0,OldTown,Y,Normal,109500
1028,8960,1008.0,5,6,1927,1950,2,1,0,5,1,2.0,360.0,OldTown,Y,Normal,115000
1347,5805,1347.0,5,7,1957,1957,3,1,0,6,0,2.0,551.0,OldTown,Y,Normal,143000
1605,5790,840.0,3,6,1915,1950,3,2,0,8,0,1.0,379.0,OldTown,N,Normal,107400
747,4608,747.0,4,6,1945,1950,2,1,0,4,0,1.0,220.0,OldTown,Y,Normal,80000
804,7200,788.0,5,7,1940,1992,2,1,0,4,2,1.0,240.0,OldTown,Y,Abnorml,119000
1316,5500,926.0,5,7,1929,2001,3,1,0,6,0,2.0,484.0,OldTown,Y,Normal,130000
1251,6900,827.0,6,7,1938,2000,3,1,0,6,0,1.0,240.0,OldTown,Y,Normal,119000
1633,11851,1027.0,5,7,1948,2009,3,1,0,7,1,1.0,240.0,OldTown,Y,Normal,129000
1245,8239,1008.0,5,6,1920,1962,3,1,0,6,0,1.0,315.0,OldTown,Y,Normal,100000
832,9656,678.0,2,2,1923,1970,2,1,0,5,1,2.0,780.0,OldTown,N,Abnorml,12789
720,8520,624.0,6,8,1928,2003,2,1,0,5,0,2.0,484.0,OldTown,Y,Normal,105900
1566,9600,930.0,8,9,1900,2003,3,2,0,7,0,1.0,288.0,OldTown,N,Abnorml,150000
1652,10800,686.0,5,6,1915,1950,4,2,0,7,0,1.0,416.0,OldTown,Y,Normal,139000
2268,9000,346.0,8,9,1890,2002,3,3,0,7,0,2.0,624.0,OldTown,Y,Normal,240000
2256,9045,840.0,5,3,1910,1950,4,2,0,12,0,0.0,0.0,OldTown,N,Abnorml,76500
1236,7407,912.0,6,7,1957,1996,2,1,0,6,0,2.0,923.0,OldTown,Y,Normal,149700
1363,7740,622.0,4,7,1910,1950,3,1,0,6,0,2.0,528.0,OldTown,Y,Normal,125500
2290,11340,777.0,4,6,1885,1950,4,2,0,11,0,2.0,560.0,OldTown,Y,Normal,122500
1470,10560,738.0,6,7,1922,1994,2,1,1,6,0,2.0,624.0,OldTown,Y,Normal,140750
1612,5830,988.0,5,6,1950,1997,3,1,1,7,0,1.0,363.0,BrkSide,Y,Normal,128500
2068,7793,1108.0,7,7,1922,2005,3,1,1,8,1,1.0,315.0,BrkSide,N,Normal,209500
765,5000,765.0,4,7,1925,1950,2,1,0,4,0,1.0,200.0,BrkSide,N,Normal,87000
1132,6000,608.0,6,7,1939,1950,2,1,0,5,0,1.0,240.0,BrkSide,Y,Abnorml,134000
1196,6000,572.0,6,6,1940,1950,3,1,1,6,2,2.0,576.0,BrkSide,Y,Normal,128000
1453,6360,835.0,5,6,1942,1950,3,1,1,7,2,1.0,240.0,BrkSide,Y,Normal,132000
1416,6000,780.0,6,7,1948,1950,3,1,1,6,0,1.0,312.0,BrkSide,Y,Normal,139900
1040,6240,528.0,5,7,1936,1980,2,1,0,5,0,2.0,624.0,BrkSide,Y,Normal,123900
1536,6240,928.0,5,5,1930,1950,4,2,0,7,1,2.0,480.0,BrkSide,Y,Normal,138400
1068,6120,1124.0,6,5,1923,1950,2,1,0,5,1,1.0,288.0,OldTown,Y,Normal,109500
1710,10300,576.0,7,6,1921,1950,3,2,0,9,0,2.0,480.0,OldTown,Y,Normal,140000
1962,8094,888.0,4,5,1915,1950,4,1,1,9,1,2.0,572.0,OldTown,Y,Normal,149500
1560,12900,780.0,6,8,1912,2009,3,1,1,7,0,0.0,0.0,OldTown,Y,Normal,159900
1324,3068,662.0,6,8,1920,1993,3,1,0,6,0,1.0,180.0,OldTown,Y,Normal,122000
816,8472,816.0,5,5,1963,1963,2,1,0,5,0,2.0,516.0,IDOTRR,N,Normal,110000
1092,5600,0.0,4,5,1930,1950,3,2,0,7,0,0.0,0.0,IDOTRR,N,Normal,55000
1812,7630,360.0,5,9,1900,1996,4,2,0,8,1,2.0,672.0,OldTown,Y,Normal,140000
2403,24090,1032.0,7,7,1940,1950,4,2,0,10,2,1.0,349.0,ClearCr,Y,Normal,244400
1675,15263,1422.0,5,5,1959,1959,3,2,0,8,2,1.0,365.0,ClearCr,Y,Normal,173000
1224,10632,689.0,5,3,1917,1950,3,1,1,6,0,1.0,180.0,ClearCr,N,Normal,107500
1392,9900,1212.0,5,4,1915,1950,3,1,0,6,0,0.0,0.0,SWISU,N,Normal,100000
919,6001,600.0,6,5,1940,1950,3,1,0,5,0,1.0,231.0,SWISU,N,Normal,95000
1884,6449,707.0,4,1,1907,1950,4,1,1,7,0,0.0,0.0,SWISU,N,Abnorml,93369
1680,6048,856.0,5,7,1910,1950,2,2,0,7,1,2.0,450.0,SWISU,Y,Normal,114900
1020,6342,780.0,5,8,1875,1996,2,1,0,6,0,0.0,0.0,Sawyer,N,Normal,94000
1832,10773,1832.0,4,3,1967,1967,4,2,0,8,0,0.0,0.0,Sawyer,N,Normal,136000
1768,10778,1768.0,4,5,1968,1968,4,2,0,8,0,0.0,0.0,Sawyer,N,Normal,136500
1039,11625,1039.0,5,4,1965,1965,3,1,1,6,0,2.0,504.0,Sawyer,Y,Normal,131500
1392,11341,1392.0,5,6,1957,1996,3,1,1,5,1,2.0,528.0,Sawyer,Y,Normal,121500
912,8521,912.0,5,5,1967,1967,3,1,0,5,1,1.0,336.0,Sawyer,Y,Normal,125000
1060,8246,1060.0,5,8,1968,2001,3,1,0,6,1,1.0,270.0,Sawyer,Y,Normal,154000
892,7800,864.0,5,7,1966,2008,3,1,0,5,0,1.0,416.0,Sawyer,Y,Normal,137900
1352,9364,663.0,6,7,1969,1969,4,1,1,7,0,1.0,299.0,Sawyer,Y,Normal,158000
864,7832,864.0,5,5,1968,1968,2,1,0,4,0,1.0,280.0,Sawyer,Y,Normal,137250
1373,7424,1319.0,5,5,1978,1978,3,1,0,5,2,2.0,591.0,Sawyer,Y,Normal,160250
1440,11227,720.0,5,5,1968,1968,4,1,1,7,2,2.0,480.0,Sawyer,Y,Normal,163000
1386,11616,672.0,6,5,1978,1978,3,2,1,6,1,2.0,440.0,Sawyer,Y,Abnorml,158900
2260,14000,1306.0,7,5,1996,1997,3,2,1,7,0,2.0,533.0,ClearCr,Y,Normal,328000
1483,20062,1420.0,7,7,1977,2001,1,1,1,4,2,2.0,690.0,ClearCr,Y,Normal,270000
756,9259,660.0,4,4,1927,1950,2,1,0,4,0,2.0,440.0,Sawyer,N,Normal,85000
1067,9600,1067.0,4,7,1950,1995,2,2,0,4,0,2.0,436.0,Sawyer,Y,Normal,128000
1524,23595,1332.0,7,6,1979,1979,0,0,1,4,1,2.0,586.0,ClearCr,Y,Normal,260000
1981,17082,1117.0,6,5,1978,1992,4,2,1,8,1,2.0,522.0,ClearCr,Y,Normal,230000
1610,18600,972.0,3,4,1938,1990,4,2,0,8,1,1.0,480.0,Edwards,Y,Normal,124000
835,10625,458.0,5,5,1920,1950,2,1,0,5,0,1.0,366.0,Edwards,N,Abnorml,83000
1074,11479,663.0,6,7,1950,1987,3,1,0,6,1,1.0,467.0,Edwards,Y,Normal,144500
1144,9571,1144.0,5,6,1956,1956,3,1,0,6,0,1.0,596.0,Edwards,Y,Normal,129000
1531,9350,756.0,4,6,1947,1979,3,1,0,8,1,1.0,209.0,Edwards,Y,Normal,127000
1172,9525,1172.0,5,7,1954,1998,3,1,0,5,0,1.0,366.0,Edwards,Y,Normal,128000
1212,10420,1212.0,6,5,2009,2009,3,2,0,6,0,2.0,460.0,Edwards,Y,Normal,186000
1508,17485,1508.0,7,5,2009,2010,1,1,0,5,2,2.0,572.0,Edwards,Y,Partial,308030
1298,11200,1250.0,5,3,1964,1964,3,2,0,5,0,2.0,504.0,Edwards,Y,Normal,114000
930,11100,0.0,4,7,1946,2006,2,1,0,6,0,1.0,308.0,Edwards,Y,Abnorml,84900
1732,9206,741.0,6,5,1985,1985,3,2,1,7,1,2.0,476.0,SawyerW,Y,Normal,178000
1433,11980,1433.0,7,5,1987,1987,1,1,1,4,2,2.0,528.0,SawyerW,Y,Normal,270000
1802,12361,946.0,6,7,1993,1993,3,2,1,8,1,4.0,1017.0,SawyerW,Y,Normal,218000
1949,9938,1050.0,7,5,1993,1994,3,2,1,8,1,2.0,574.0,SawyerW,Y,Normal,236000
996,9069,936.0,6,6,1992,1992,2,1,0,5,0,2.0,564.0,SawyerW,Y,Normal,147000
1694,10475,1694.0,8,5,2008,2008,3,2,0,7,0,3.0,776.0,CollgCr,Y,Normal,245350
1208,6762,1187.0,7,5,2006,2006,2,2,0,6,0,2.0,632.0,CollgCr,Y,Normal,206000
1226,10402,1226.0,7,5,2009,2009,3,2,0,6,0,3.0,740.0,CollgCr,Y,Normal,198900
1222,7360,1222.0,7,5,2010,2010,2,2,0,6,0,2.0,615.0,CollgCr,Y,Normal,187000
3222,12376,1673.0,7,5,1990,1990,5,3,0,11,2,3.0,594.0,SawyerW,Y,Normal,320000
1445,14235,676.0,6,8,1900,1993,3,2,0,6,0,2.0,484.0,SawyerW,Y,Normal,138500
1052,8816,1010.0,6,7,1971,1971,3,1,0,6,0,2.0,440.0,ClearCr,Y,Normal,155000
965,11105,870.0,5,5,1996,1996,2,1,0,4,0,2.0,580.0,CollgCr,Y,Normal,159000
1692,9337,878.0,7,5,1997,1998,3,2,1,8,1,2.0,513.0,CollgCr,Y,Normal,191000
1682,8750,804.0,6,5,1998,1998,3,2,1,7,0,2.0,523.0,CollgCr,Y,Normal,200500
1026,15240,1026.0,5,8,1977,2004,3,1,1,5,0,1.0,308.0,CollgCr,Y,Normal,150000
1392,10900,689.0,6,7,1977,1977,3,1,1,6,0,1.0,299.0,CollgCr,Y,Normal,161750
894,10650,894.0,5,6,1976,1976,3,1,0,5,0,1.0,308.0,CollgCr,Y,Normal,128200
876,7480,876.0,5,6,1972,1972,3,1,0,5,0,2.0,484.0,CollgCr,Y,Normal,127000
1978,10389,1978.0,8,5,2003,2003,3,2,1,8,1,3.0,850.0,CollgCr,Y,Normal,318000
1601,11423,1581.0,8,5,2001,2002,3,2,0,6,1,2.0,670.0,CollgCr,Y,Normal,272000
1829,9548,941.0,7,6,2003,2003,3,2,1,7,1,2.0,613.0,CollgCr,Y,Normal,237000
2098,9375,1040.0,7,5,1997,1997,4,2,1,9,1,2.0,621.0,CollgCr,Y,Normal,240000
1661,12137,1649.0,7,5,1998,1998,3,2,0,6,0,2.0,598.0,CollgCr,Y,Normal,224900
848,4435,848.0,6,5,2003,2003,1,1,0,4,0,2.0,420.0,CollgCr,Y,Normal,143750
848,4426,848.0,6,5,2004,2004,1,1,0,3,0,2.0,420.0,CollgCr,Y,Normal,143000
1668,10635,1657.0,8,5,2003,2003,3,2,0,8,1,2.0,502.0,CollgCr,Y,Normal,232000
1484,8400,1473.0,7,5,2004,2005,3,2,0,7,0,2.0,606.0,CollgCr,Y,Normal,213000
1414,8773,1414.0,7,5,2004,2004,3,2,0,6,0,2.0,494.0,CollgCr,Y,Normal,185500
640,8777,0.0,3,6,1945,2007,2,1,0,5,0,1.0,240.0,Edwards,N,Normal,84900
992,8842,381.0,5,6,1954,1954,3,1,0,6,0,1.0,319.0,Edwards,Y,Abnorml,155891
1664,9825,0.0,5,5,1965,1965,4,2,0,8,0,0.0,0.0,Edwards,N,Normal,100000
1196,10044,1196.0,5,6,1968,1968,3,1,0,6,0,1.0,336.0,Edwards,Y,Normal,144000
1120,11792,744.0,4,5,1948,1950,2,1,0,5,0,2.0,480.0,Edwards,N,Abnorml,64000
1096,6305,1008.0,6,6,1975,1975,3,1,0,5,1,1.0,352.0,Edwards,Y,Normal,125200
1117,7819,1029.0,6,5,1976,1976,3,1,0,6,1,2.0,672.0,Edwards,Y,Abnorml,107000
960,6410,960.0,4,5,1958,1958,3,1,0,5,0,0.0,0.0,Edwards,Y,Normal,90000
1121,8546,1121.0,4,5,2003,2004,2,2,0,5,0,2.0,440.0,Edwards,Y,Normal,140000
1487,8741,735.0,6,4,1945,1950,3,1,1,7,1,1.0,220.0,Edwards,Y,Normal,113000
924,12180,672.0,4,4,1941,1950,2,1,0,5,0,1.0,280.0,Edwards,N,Normal,80000
1526,8562,1216.0,5,6,1957,2002,4,1,0,7,1,1.0,364.0,Edwards,Y,Normal,144500
1296,4853,1107.0,5,6,1924,1999,2,2,0,5,1,1.0,260.0,SWISU,N,Normal,104000
1647,6858,806.0,6,4,1915,1950,4,1,1,6,0,1.0,216.0,SWISU,N,Normal,128000
864,8212,864.0,3,3,1914,1950,2,1,0,5,0,1.0,200.0,Edwards,N,Normal,58500
1691,5000,1026.0,5,6,1924,1950,3,2,0,6,1,1.0,308.0,SWISU,Y,Normal,127000
856,7890,856.0,6,6,1939,1950,2,1,0,4,1,2.0,399.0,SWISU,Y,Normal,126000
2650,7200,0.0,4,6,1967,1967,6,3,0,10,0,0.0,0.0,SWISU,Y,Normal,160000
1666,9839,894.0,5,2,1931,1950,3,1,0,7,1,0.0,0.0,SWISU,Y,Normal,100000
2447,9638,804.0,6,7,1919,1990,4,2,0,10,1,1.0,336.0,SWISU,Y,Normal,169000
2133,10452,1528.0,7,6,1941,1985,4,1,1,8,2,1.0,312.0,Crawfor,Y,Normal,257500
2177,15600,1032.0,5,6,1950,1991,5,2,1,11,0,2.0,484.0,Crawfor,Y,Normal,215000
2340,9042,1152.0,7,9,1941,2006,4,2,0,9,2,1.0,252.0,Crawfor,Y,Normal,266500
1902,17500,1902.0,7,8,1959,2002,3,2,0,7,2,2.0,567.0,Crawfor,Y,Normal,335000
1652,19645,423.0,7,6,1994,2007,3,2,1,6,0,2.0,473.0,Crawfor,Y,Normal,203135
1034,3907,982.0,8,6,1989,1989,1,1,0,4,1,2.0,598.0,Blueste,Y,Normal,185000
1191,3907,1191.0,8,5,1989,1989,2,2,0,5,1,2.0,531.0,Blueste,Y,Normal,162500
1801,15602,1501.0,7,8,1959,1997,1,2,0,6,2,2.0,484.0,Crawfor,Y,Normal,289000
1154,5436,796.0,4,8,1922,2007,3,1,0,7,0,1.0,240.0,IDOTRR,Y,Normal,125500
540,8154,480.0,2,5,1941,1950,1,1,0,4,0,1.0,200.0,IDOTRR,Y,Normal,82000
1107,9140,629.0,6,5,1921,1975,2,1,0,5,0,1.0,625.0,IDOTRR,Y,Normal,110000
1128,7500,698.0,4,4,1920,1950,2,1,0,6,0,2.0,528.0,IDOTRR,Y,Abnorml,68400
1178,8712,859.0,4,7,1900,1950,2,1,0,7,0,1.0,384.0,IDOTRR,Y,Abnorml,102776
1044,8712,540.0,5,5,1952,1952,2,1,0,4,0,2.0,504.0,IDOTRR,N,Alloca,55993
952,8712,756.0,4,7,1896,1950,3,1,0,5,0,1.0,330.0,IDOTRR,Y,Alloca,50138
1646,3811,1594.0,8,5,2004,2005,2,2,0,5,1,2.0,525.0,Crawfor,Y,Normal,246000
1916,11050,1049.0,8,5,1998,1999,3,2,1,8,1,3.0,741.0,Mitchel,Y,Normal,254900
1285,9620,1243.0,6,7,1977,1977,3,2,0,6,1,2.0,473.0,Mitchel,Y,Normal,190000
1560,9196,1560.0,7,5,2003,2003,3,2,0,7,0,2.0,573.0,Mitchel,Y,Normal,201000
1034,12328,1012.0,6,5,1976,1976,3,1,0,6,0,3.0,888.0,Mitchel,Y,Normal,169900
2048,12760,1958.0,6,5,1976,1976,5,3,0,9,0,2.0,776.0,Mitchel,Y,Normal,170000
1687,57200,747.0,5,5,1948,1950,3,1,0,7,2,2.0,572.0,Timber,Y,Normal,160000
1346,11896,1336.0,7,5,2008,2008,3,2,0,6,1,3.0,660.0,Timber,Y,Normal,220000
1214,9803,1214.0,7,5,2009,2010,2,2,0,6,0,2.0,520.0,Timber,Y,Partial,179781
1444,9802,384.0,5,5,2006,2007,3,2,1,7,0,2.0,400.0,Timber,Y,Normal,174000
1968,12003,774.0,8,5,2009,2010,4,2,1,8,1,3.0,680.0,Timber,Y,Partial,269500
1894,11316,817.0,7,5,2002,2003,4,2,1,8,1,2.0,510.0,Timber,Y,Normal,214900
1908,14191,967.0,8,5,2002,2002,4,2,1,9,0,2.0,431.0,Timber,Y,Normal,202900
2018,13214,2002.0,9,5,2008,2009,3,2,0,10,1,3.0,746.0,Timber,Y,Normal,378500
1264,15300,1068.0,5,5,1965,1977,2,1,0,7,1,2.0,528.0,Mitchel,Y,Normal,169000
1430,10114,1430.0,5,5,2004,2005,3,2,0,7,0,2.0,624.0,Mitchel,Y,Normal,173500
1824,9400,912.0,6,5,1971,1971,4,2,2,8,0,0.0,0.0,Mitchel,Y,Normal,139000
1344,11875,1344.0,5,5,1999,1999,3,2,0,7,1,2.0,686.0,Mitchel,Y,Normal,166500
1092,1974,546.0,4,5,1973,1973,3,1,1,6,0,1.0,286.0,MeadowV,Y,Normal,83500
945,2394,945.0,5,6,1973,1973,2,1,0,5,1,1.0,253.0,MeadowV,Y,Normal,119500
1112,2592,536.0,5,3,1976,1976,3,1,1,4,0,1.0,336.0,MeadowV,Y,Normal,85000
1092,1476,546.0,4,7,1970,1970,3,1,1,5,0,0.0,0.0,MeadowV,Y,Normal,76000
630,1491,630.0,4,6,1972,1972,1,1,0,3,0,0.0,0.0,MeadowV,Y,Normal,75500
1092,1900,546.0,4,4,1970,1970,3,1,1,5,0,0.0,0.0,MeadowV,Y,Normal,88250
1092,1890,546.0,4,6,1972,1972,3,1,1,5,0,1.0,286.0,MeadowV,Y,Normal,85500
874,6953,864.0,5,7,1971,2004,3,1,0,5,0,1.0,352.0,Mitchel,Y,Normal,130000
1188,26142,1188.0,5,7,1962,1962,3,1,0,6,0,1.0,312.0,Mitchel,Y,Normal,157900
833,12887,833.0,5,7,1984,1984,2,1,0,5,0,2.0,495.0,Mitchel,Y,Normal,149900
2432,7700,1216.0,5,2,1985,1986,4,4,2,10,0,2.0,616.0,Mitchel,Y,Normal,159000
1274,10475,624.0,5,5,1991,1991,3,1,1,6,0,2.0,576.0,Mitchel,Y,Normal,136000
1479,10544,864.0,5,5,1969,1969,5,2,0,8,0,1.0,275.0,Mitchel,Y,Normal,161000
1803,9892,1679.0,8,5,1994,1995,3,2,1,6,2,2.0,482.0,Mitchel,Y,Normal,285000
1797,12961,1152.0,6,5,1993,1994,3,2,1,7,1,2.0,616.0,Mitchel,Y,Normal,231000
882,13008,882.0,6,5,1956,1956,2,1,0,5,0,1.0,502.0,NAmes,Y,Normal,124500
1434,10200,1434.0,6,5,1974,1974,4,2,0,7,1,2.0,528.0,NAmes,Y,Normal,157000
2704,13860,1952.0,8,7,1972,1995,4,2,1,9,3,2.0,538.0,NAmes,Y,Normal,345000
1608,10179,945.0,6,5,1997,1997,3,2,1,7,1,2.0,470.0,Gilbert,Y,Normal,189500
2283,11792,1008.0,8,5,2003,2003,4,2,1,9,1,3.0,632.0,Gilbert,Y,Normal,270000
1628,8400,384.0,7,5,1996,1997,3,2,1,7,1,2.0,390.0,Gilbert,Y,Normal,189000
1746,14892,1746.0,9,5,2006,2007,3,2,0,7,2,3.0,758.0,Gilbert,Y,Normal,377500
1474,8530,384.0,7,5,1995,1996,3,2,1,7,1,2.0,400.0,Gilbert,Y,Normal,168500
2522,7296,2208.0,8,5,2004,2005,1,2,0,8,1,2.0,564.0,StoneBr,Y,Normal,375000
1659,5664,1501.0,8,5,2000,2000,2,2,0,5,1,2.0,499.0,StoneBr,Y,Normal,278000
1478,7380,1418.0,8,5,1998,1998,2,2,0,5,0,2.0,495.0,StoneBr,Y,Normal,240000
1734,8013,1587.0,8,5,1995,1996,2,2,0,6,0,2.0,528.0,StoneBr,Y,Normal,239500
1382,8923,384.0,7,5,1998,1998,3,2,1,7,1,2.0,396.0,Gilbert,Y,Normal,177500
1718,10141,832.0,7,5,1998,1998,3,2,1,7,1,2.0,427.0,Gilbert,Y,Normal,185000
1636,7500,952.0,6,5,1998,1999,3,2,1,7,1,2.0,440.0,Gilbert,Y,Normal,191000
1571,7837,799.0,6,7,1993,1994,3,2,1,7,1,2.0,380.0,Gilbert,Y,Normal,178000
1470,9765,680.0,6,8,1993,1993,3,2,1,6,1,2.0,420.0,Gilbert,Y,Normal,185000
1516,8803,707.0,6,5,1994,1995,3,2,1,7,1,2.0,409.0,Gilbert,Y,Normal,181316
1190,7250,1181.0,6,5,1993,1993,3,2,0,6,1,2.0,430.0,Gilbert,Y,Normal,166000
1593,9636,808.0,6,5,1992,1993,3,2,1,7,1,2.0,389.0,Gilbert,Y,Normal,178000
1481,8125,702.0,6,5,1994,1995,3,2,1,6,1,2.0,343.0,Gilbert,Y,Normal,174000
1167,9248,1158.0,6,6,1992,1992,3,2,0,6,0,2.0,400.0,Gilbert,Y,Normal,173000
1983,10762,978.0,7,5,1999,1999,3,2,1,9,1,2.0,490.0,Gilbert,Y,Normal,225000
1442,11851,1424.0,7,5,1990,1990,3,2,0,5,0,2.0,500.0,Gilbert,Y,Normal,180500
1360,5814,1220.0,8,5,1984,1984,1,1,0,4,1,2.0,565.0,StoneBr,Y,Abnorml,187500
2234,17423,2216.0,9,5,2008,2009,1,2,0,9,1,3.0,1166.0,StoneBr,Y,Partial,501837
2046,11844,2046.0,8,5,2008,2008,3,2,1,7,1,3.0,834.0,StoneBr,Y,Partial,372500
1530,16158,1530.0,7,5,2005,2005,3,2,0,7,1,2.0,430.0,StoneBr,Y,Normal,260000
1934,11900,1122.0,5,6,1977,1977,3,2,1,6,1,2.0,567.0,Gilbert,Y,Normal,185000
2353,13005,845.0,7,7,1980,1980,4,2,1,10,1,2.0,484.0,NWAmes,Y,Normal,260000
1586,17043,1362.0,6,5,1979,1998,3,2,0,7,1,2.0,435.0,NWAmes,Y,Normal,181000
1411,11900,1386.0,7,5,1977,1977,3,2,0,6,1,2.0,544.0,NWAmes,Y,Family,82500
1602,16635,1602.0,6,7,1977,2000,3,2,0,8,1,2.0,529.0,NWAmes,Y,Normal,215000
2050,13250,832.0,7,6,1978,1978,4,2,1,8,1,2.0,529.0,NWAmes,Y,Abnorml,154000
1671,10928,1427.0,6,6,1978,1986,3,2,0,7,1,2.0,484.0,NWAmes,Y,Normal,200000
2673,12388,1043.0,7,7,1980,1991,4,2,1,9,1,2.0,441.0,NWAmes,Y,Normal,249000
1472,14115,1372.0,7,5,1980,1980,3,2,0,6,2,2.0,588.0,NWAmes,Y,Normal,187500
1707,11088,1140.0,6,5,1978,1998,3,2,0,7,1,2.0,479.0,NWAmes,Y,Normal,184000
2524,9600,2524.0,8,5,1981,1981,4,2,1,9,1,2.0,542.0,NWAmes,Y,Normal,278000
1601,11880,1271.0,7,5,1978,1978,3,2,0,7,1,2.0,478.0,NWAmes,Y,Abnorml,157000
1370,10400,1090.0,7,5,1976,1976,3,2,0,6,1,2.0,479.0,NWAmes,Y,Family,152000
1868,10304,780.0,5,7,1976,1976,4,2,1,9,1,2.0,484.0,NWAmes,Y,Normal,197500
1884,7000,926.0,7,5,2003,2003,3,2,1,7,1,2.0,581.0,Somerst,Y,Normal,240900
1935,8004,832.0,8,5,2009,2009,3,2,1,8,0,2.0,552.0,Somerst,Y,Partial,263435
1874,7500,1058.0,8,5,2000,2001,3,2,1,7,1,2.0,588.0,Somerst,Y,Normal,220000
1811,8470,972.0,8,5,2002,2002,3,2,1,7,1,2.0,565.0,Somerst,Y,Normal,235000
1621,9373,1621.0,5,7,1975,1975,3,2,0,7,2,2.0,478.0,NWAmes,Y,Normal,213000
1116,10140,1116.0,6,6,1974,1974,3,2,0,6,1,2.0,528.0,NWAmes,Y,Normal,167900
1193,11050,1176.0,7,5,1975,1975,3,2,0,5,1,2.0,506.0,NWAmes,Y,Normal,158000
1350,10140,1064.0,6,5,1974,1974,3,2,0,7,1,2.0,478.0,NWAmes,Y,Normal,165000
2119,10448,689.0,6,6,1972,1972,3,2,1,7,1,2.0,583.0,NWAmes,Y,Abnorml,158000
1792,9000,896.0,5,5,1974,1974,4,2,2,8,0,0.0,0.0,NAmes,Y,Normal,136000
1002,8750,1002.0,5,6,1970,1970,3,1,0,5,0,2.0,902.0,NAmes,Y,Normal,148500
1026,7930,1026.0,6,8,1969,2005,3,1,0,5,0,2.0,440.0,NAmes,Y,Normal,156000
1180,7830,1180.0,5,5,1970,1970,2,1,1,6,0,2.0,477.0,NAmes,Y,Normal,128000
1050,8510,1043.0,5,7,1971,1971,3,1,1,6,0,1.0,336.0,NAmes,Y,Normal,143000
864,7038,864.0,4,6,1970,1970,3,1,0,5,0,2.0,576.0,NAmes,Y,Abnorml,76500
864,6960,864.0,4,6,1970,1970,3,1,0,5,0,2.0,660.0,NAmes,Y,Normal,120500
864,8120,864.0,4,7,1970,1970,3,1,0,5,0,2.0,463.0,NAmes,Y,Normal,124500
864,10500,864.0,4,6,1971,1971,2,1,0,4,0,2.0,576.0,NAmes,Y,Abnorml,97000
864,9000,864.0,4,7,1971,2006,3,1,0,5,0,2.0,576.0,NAmes,Y,Normal,130000
987,1680,483.0,6,5,1973,1973,2,1,1,5,0,1.0,264.0,BrDale,Y,Normal,111000
1365,2368,765.0,5,6,1970,1970,3,1,1,7,0,2.0,440.0,BrDale,Y,Normal,125000
1302,1680,630.0,5,5,1971,1971,3,2,1,6,0,1.0,280.0,BrDale,Y,Abnorml,112000
987,1680,483.0,6,6,1972,1972,2,1,1,5,0,1.0,288.0,BrDale,Y,Normal,97000
987,1680,483.0,6,8,1972,2007,2,1,1,5,0,1.0,264.0,BrDale,Y,Normal,118000
1302,1680,630.0,5,7,1972,1972,3,2,1,6,0,1.0,264.0,BrDale,Y,Normal,119500
958,4928,958.0,6,6,1976,1976,2,2,0,5,0,2.0,440.0,NPkVill,Y,Normal,143750
1548,2308,804.0,6,5,1976,1976,3,2,1,7,1,2.0,440.0,NPkVill,Y,Normal,146000
1456,2280,855.0,6,6,1976,1976,3,2,1,7,1,2.0,440.0,NPkVill,Y,Normal,148500
1055,2280,1057.0,7,5,1975,1975,2,2,0,4,1,2.0,440.0,NPkVill,Y,Normal,123000
1322,2308,855.0,6,5,1974,1974,3,2,1,6,1,2.0,440.0,NPkVill,Y,Normal,147000
1456,2349,855.0,6,5,1977,1977,3,2,1,6,1,2.0,440.0,NPkVill,Y,Normal,137900
1548,2364,804.0,6,5,1978,1978,3,2,1,7,1,2.0,440.0,NPkVill,Y,Normal,147000
1441,2289,855.0,6,6,1978,1978,3,2,1,7,1,2.0,440.0,NPkVill,Y,Normal,148500
1456,2364,855.0,6,5,1978,1978,3,2,1,6,1,2.0,440.0,NPkVill,Y,Normal,138000
836,2104,836.0,7,6,1976,1976,2,1,0,5,0,1.0,345.0,NPkVill,Y,Normal,128500
892,7150,892.0,5,5,1967,1967,3,1,0,5,0,1.0,288.0,NAmes,Y,Normal,100000
1120,10710,864.0,5,7,1966,2004,3,1,0,5,1,2.0,656.0,NAmes,Y,Normal,148800
1718,12456,1700.0,10,5,2006,2007,3,2,0,7,1,3.0,786.0,NridgHt,Y,Normal,337500
2772,14257,1776.0,9,5,2007,2007,4,3,1,10,3,3.0,754.0,NridgHt,Y,Normal,462000
3140,13518,1926.0,9,5,2008,2009,4,3,1,11,2,3.0,820.0,NridgHt,Y,Partial,485000
2402,15431,3094.0,10,5,2008,2008,2,2,0,10,2,3.0,672.0,NridgHt,Y,Normal,555000
1652,13173,1652.0,9,5,2006,2007,2,2,0,6,2,2.0,840.0,NridgHt,Y,Normal,325000
1600,14230,1566.0,8,5,2007,2007,3,2,0,7,1,3.0,890.0,NridgHt,Y,Normal,256300
2042,12704,2042.0,8,5,2008,2009,3,2,1,8,1,3.0,1390.0,NridgHt,Y,Partial,253293
2690,12350,1365.0,9,5,2009,2009,3,2,1,8,1,3.0,864.0,NridgHt,Y,Partial,398800
2184,11308,1104.0,9,5,2008,2008,3,2,1,10,1,3.0,836.0,NridgHt,Y,Normal,335000
2020,12350,2020.0,9,5,2008,2008,3,2,0,7,1,3.0,896.0,NridgHt,Y,Normal,404000
2020,12220,2006.0,10,5,2009,2009,3,2,1,9,1,3.0,900.0,NridgHt,Y,Partial,402861
2296,13478,1722.0,10,5,2008,2008,3,2,1,10,1,3.0,842.0,NridgHt,Y,Normal,451950
2674,13693,2630.0,10,5,2007,2007,2,2,1,8,2,3.0,762.0,NridgHt,Y,Normal,610000
2822,13891,1734.0,9,5,2008,2009,4,3,1,12,1,3.0,1020.0,NridgHt,Y,Partial,582933
1736,11578,1736.0,9,5,2008,2008,3,2,0,7,1,3.0,834.0,NridgHt,Y,Normal,360000
1782,16870,1782.0,8,5,2004,2005,3,2,0,7,2,3.0,932.0,NridgHt,Y,Normal,296000
2520,23303,1508.0,8,5,2007,2007,5,2,1,10,1,3.0,640.0,NridgHt,Y,Family,409900
1717,11146,1709.0,8,5,2006,2006,3,2,0,7,1,3.0,908.0,NridgHt,Y,Normal,255500
1743,10367,1739.0,9,5,2008,2008,3,2,0,8,1,3.0,927.0,NridgHt,Y,Normal,335000
1713,9591,1713.0,8,5,2004,2005,3,2,0,7,1,3.0,856.0,NridgHt,Y,Normal,274900
1531,10872,1504.0,9,5,2006,2006,2,2,0,6,1,3.0,700.0,NridgHt,Y,Normal,300000
1808,13514,1774.0,9,5,2008,2008,3,2,0,7,1,3.0,850.0,NridgHt,Y,Normal,324000
2224,8834,1462.0,9,5,2004,2005,4,2,1,10,1,3.0,738.0,NridgHt,Y,Normal,350000
1836,11362,1836.0,8,5,2004,2005,3,2,0,7,1,3.0,862.0,NridgHt,Y,Normal,280000
1629,10655,3206.0,8,5,2003,2004,3,2,0,7,1,3.0,880.0,NridgHt,Y,Normal,284000
1760,12878,1760.0,7,5,2003,2004,3,2,0,8,1,2.0,583.0,NridgHt,Y,Normal,269500
1502,9541,1502.0,7,5,2009,2009,3,2,0,7,0,2.0,644.0,NridgHt,Y,Partial,233170
2392,13472,2392.0,10,5,2003,2003,3,2,0,8,1,3.0,968.0,NridgHt,Y,Normal,386250
2452,15274,2452.0,9,5,2003,2003,3,2,0,10,1,3.0,886.0,NridgHt,Y,Normal,445000
2400,13262,1082.0,8,5,2003,2004,4,3,1,10,1,3.0,730.0,NridgHt,Y,Normal,290000
1606,9658,1598.0,8,5,2006,2006,3,2,0,6,1,3.0,871.0,NridgHt,Y,Normal,255900
1358,6904,1358.0,6,5,2005,2005,2,2,0,6,1,2.0,484.0,NridgHt,Y,Normal,213000
1306,5381,1306.0,6,5,2005,2005,1,2,0,5,1,2.0,624.0,NridgHt,Y,Normal,196000
1306,5122,1306.0,6,5,2005,2005,1,2,0,5,1,2.0,624.0,NridgHt,Y,Normal,184500
1358,10307,1350.0,7,5,2007,2008,2,2,0,6,1,2.0,484.0,NridgHt,Y,Normal,212500
1314,5001,1314.0,7,5,2007,2008,2,2,0,6,1,2.0,626.0,NridgHt,Y,Normal,230000
2492,14836,2492.0,10,5,2004,2005,2,2,1,8,1,3.0,949.0,NridgHt,Y,Abnorml,552000
2200,15262,2200.0,8,5,2003,2004,3,2,1,8,1,3.0,685.0,NridgHt,Y,Normal,382500
1884,7390,1884.0,9,5,2008,2009,2,2,0,6,1,2.0,649.0,NridgHt,Y,Partial,320000
1456,6472,1451.0,9,5,2008,2008,2,2,0,6,1,2.0,539.0,NridgHt,Y,Normal,248500
1712,16770,1712.0,8,5,2002,2003,3,2,0,8,1,3.0,701.0,NridgHt,Y,Normal,286500
1324,6240,1324.0,8,5,2006,2006,2,2,0,6,1,2.0,550.0,NridgHt,Y,Normal,254000
1405,3480,1405.0,7,5,2003,2003,2,2,0,6,1,2.0,478.0,NridgHt,Y,Normal,173000
1626,2268,764.0,7,5,2003,2004,2,2,0,6,0,2.0,474.0,NridgHt,Y,Normal,173000
1456,10928,728.0,7,5,2005,2005,3,2,1,8,1,2.0,390.0,Gilbert,Y,Normal,184000
1490,8918,745.0,6,5,2005,2006,3,2,1,7,1,2.0,392.0,Gilbert,Y,Normal,167800
1484,12589,742.0,6,5,2005,2005,3,2,1,8,1,2.0,390.0,Gilbert,Y,Normal,174000
1560,11911,684.0,6,5,2005,2005,3,2,1,6,1,2.0,400.0,Gilbert,Y,Normal,174000
1555,3684,1373.0,7,5,2007,2007,2,2,0,7,1,3.0,660.0,Blmngtn,Y,Normal,174000
1569,3635,1386.0,7,5,2007,2007,1,2,0,7,1,3.0,660.0,Blmngtn,Y,Normal,175900
1555,3182,1373.0,7,5,2005,2006,2,2,0,7,1,2.0,430.0,Blmngtn,Y,Normal,192500
1504,3182,1346.0,7,5,2005,2006,1,2,0,7,1,2.0,457.0,Blmngtn,Y,Normal,181000
1220,3182,1220.0,7,5,2005,2006,2,2,0,5,1,2.0,397.0,Blmngtn,Y,Normal,180000
1145,3182,1145.0,7,5,2005,2006,2,2,0,5,1,2.0,397.0,Blmngtn,Y,Normal,160200
1432,7795,716.0,7,5,2004,2005,3,2,1,6,1,2.0,432.0,Gilbert,Y,Normal,188500
2267,8068,1010.0,6,5,2002,2002,4,2,1,8,1,2.0,390.0,Gilbert,Y,Normal,200000
1374,9434,384.0,7,5,2004,2005,3,2,1,6,1,2.0,400.0,Gilbert,Y,Normal,170000
1630,7984,868.0,7,5,2004,2005,3,2,1,7,1,2.0,436.0,Gilbert,Y,Normal,189500
1419,7750,408.0,8,5,2002,2002,3,2,1,7,1,2.0,527.0,Gilbert,Y,Normal,184100
1594,10125,846.0,7,5,2004,2004,3,2,1,7,1,2.0,434.0,Gilbert,Y,Normal,195500
1489,8965,782.0,7,5,2003,2003,3,2,1,8,1,2.0,400.0,Gilbert,Y,Normal,192000
1342,8174,698.0,7,5,2003,2003,3,2,1,7,1,2.0,393.0,Gilbert,Y,Normal,178000
1314,5063,1314.0,7,5,2007,2008,2,2,0,6,1,2.0,626.0,NridgHt,Y,Normal,207500
2256,8795,952.0,7,5,2000,2000,4,2,1,8,1,2.0,554.0,Gilbert,Y,Normal,236000
2004,12891,870.0,8,5,2002,2002,4,2,1,8,1,3.0,644.0,Gilbert,Y,Normal,257500
2054,12224,992.0,6,5,2000,2000,3,2,1,7,1,2.0,390.0,Gilbert,Y,Normal,244000
1374,9734,384.0,7,5,2004,2004,3,2,1,7,0,2.0,400.0,Gilbert,Y,Normal,167000
1800,8123,982.0,6,5,2000,2000,3,2,1,7,1,2.0,463.0,Gilbert,Y,Normal,179000
1514,8433,794.0,6,5,2000,2000,3,2,1,7,1,2.0,394.0,Gilbert,Y,Normal,190000
1430,7750,384.0,7,5,1999,2000,3,2,1,7,1,2.0,400.0,Gilbert,Y,Normal,156000
2312,15896,1177.0,7,5,1999,1999,4,2,1,8,1,3.0,658.0,Gilbert,Y,Normal,245000
1675,24682,841.0,6,5,1999,1999,3,2,1,7,1,2.0,502.0,Gilbert,Y,Normal,181000
2060,8755,992.0,7,5,1999,1999,3,2,1,8,1,2.0,390.0,Gilbert,Y,Normal,214000
1430,7848,384.0,7,6,1999,1999,3,2,1,7,1,2.0,410.0,Gilbert,Y,Normal,168000
2365,9430,1252.0,8,5,1999,1999,3,2,1,8,1,3.0,856.0,NoRidge,Y,Normal,337000
2794,15138,1462.0,8,5,1995,1996,4,2,1,9,1,3.0,810.0,NoRidge,Y,Normal,403000
2687,12720,1455.0,8,5,2000,2000,4,2,1,10,2,3.0,810.0,NoRidge,Y,Normal,327000
2450,16545,1284.0,8,5,1998,1998,3,2,1,7,1,3.0,1069.0,NoRidge,Y,Normal,340000
2612,12203,1225.0,8,5,1998,1999,4,2,1,8,1,3.0,676.0,NoRidge,Y,Normal,336000
2344,10208,1264.0,7,5,1996,1997,3,2,1,7,1,3.0,889.0,NoRidge,Y,Normal,265000
2063,10750,2024.0,8,5,1994,1995,3,2,0,7,2,3.0,815.0,NoRidge,Y,Normal,315000
2646,9900,1347.0,7,5,1993,1993,4,2,1,9,1,3.0,656.0,NoRidge,Y,Normal,260000
2061,9085,1070.0,7,5,1995,1996,3,2,1,7,1,2.0,647.0,NoRidge,Y,Normal,260000
2232,11692,1173.0,8,5,1993,1994,3,2,1,8,1,2.0,623.0,NoRidge,Y,Normal,263550
2448,46589,1629.0,8,7,1994,2005,4,2,1,8,1,3.0,711.0,NoRidge,Y,Normal,402000
1850,29959,973.0,7,6,1994,1994,3,2,1,7,1,2.0,467.0,NoRidge,Y,Normal,248000
1468,9612,1468.0,8,5,2008,2009,3,2,0,6,1,3.0,898.0,Somerst,Y,Partial,244600
1696,11194,1696.0,8,5,2008,2008,3,2,0,7,0,3.0,972.0,Somerst,Y,Normal,275000
1658,10206,1614.0,8,5,2008,2008,3,2,1,7,1,3.0,726.0,Somerst,Y,Normal,257500
1578,9262,1573.0,8,5,2008,2009,3,2,0,7,1,3.0,840.0,Somerst,Y,Partial,287090
1702,10130,1702.0,8,5,2007,2007,3,2,0,7,1,3.0,844.0,Somerst,Y,Normal,275500
1432,9139,1422.0,8,5,2006,2006,3,2,0,7,1,2.0,492.0,Somerst,Y,Normal,245000
1971,9675,1113.0,7,5,2005,2005,3,2,1,8,1,2.0,689.0,Somerst,Y,Normal,253000
2490,11128,2458.0,9,5,2005,2006,2,2,0,9,2,3.0,795.0,Somerst,Y,Normal,468000
1852,8640,900.0,7,5,2009,2009,3,2,1,7,1,2.0,644.0,Somerst,Y,Partial,252678
1590,9000,768.0,8,5,2008,2008,3,2,1,6,0,2.0,676.0,Somerst,Y,Normal,210000
1218,7862,1218.0,6,5,2009,2009,2,2,0,4,0,2.0,676.0,Somerst,Y,Partial,208300
1436,7993,1436.0,7,5,2008,2009,3,2,0,6,0,2.0,529.0,Somerst,Y,Partial,225000
1314,8640,1300.0,8,5,2009,2009,3,2,0,6,0,2.0,552.0,Somerst,Y,Partial,229456
1402,8640,1402.0,7,5,2008,2008,3,2,0,7,0,2.0,625.0,Somerst,Y,Normal,229800
1530,12606,1530.0,9,5,2007,2008,3,2,0,7,1,3.0,984.0,Somerst,Y,Normal,250000
1766,9187,1766.0,9,5,2009,2009,2,2,1,7,1,3.0,478.0,Somerst,Y,Partial,370878
1448,7500,1372.0,8,5,2006,2007,2,2,0,6,1,2.0,692.0,Somerst,Y,Normal,238500
2007,11003,1017.0,10,5,2008,2008,3,2,1,10,1,3.0,812.0,Somerst,Y,Normal,310000
1795,10603,900.0,8,5,2006,2006,3,2,1,8,1,3.0,782.0,Somerst,Y,Normal,270000
1953,10574,1082.0,8,5,2005,2006,3,2,1,9,1,3.0,1043.0,Somerst,Y,Normal,252000
1550,8125,1092.0,7,5,2006,2007,2,2,0,7,0,2.0,438.0,Somerst,Y,Normal,241000
1836,8125,1836.0,8,5,2008,2009,3,2,0,8,1,2.0,517.0,Somerst,Y,Partial,264500
1662,10625,1652.0,7,5,2006,2007,3,2,0,8,1,3.0,711.0,Somerst,Y,Normal,291000
2094,9375,912.0,7,5,2003,2004,4,2,1,8,1,2.0,615.0,Somerst,Y,Normal,263000
1221,7500,1221.0,7,5,2004,2005,2,2,0,6,0,2.0,400.0,Somerst,Y,Normal,185000
1553,8736,1553.0,7,5,2003,2004,3,2,0,6,0,2.0,588.0,Somerst,Y,Normal,234500
1653,8127,812.0,7,5,2003,2003,3,2,1,6,0,2.0,628.0,Somerst,Y,Normal,209000
1218,9605,1218.0,7,6,2007,2007,3,1,1,6,0,2.0,576.0,SawyerW,Y,Normal,159000
1141,7500,1141.0,7,5,2006,2006,3,1,1,6,0,2.0,484.0,SawyerW,Y,Normal,152000
1158,7500,1158.0,6,5,2004,2004,3,1,1,5,0,0.0,0.0,SawyerW,Y,Normal,143500
1812,10628,835.0,7,5,2004,2004,3,2,1,8,0,2.0,478.0,SawyerW,Y,Normal,193000
1512,10141,1512.0,8,5,2004,2004,3,2,0,6,0,3.0,845.0,SawyerW,Y,Normal,203000
1200,10083,1176.0,7,5,2003,2003,2,2,0,5,0,2.0,555.0,SawyerW,Y,Normal,184900
1114,13072,1114.0,7,5,2004,2005,3,1,1,6,0,2.0,576.0,SawyerW,Y,Normal,159000
1114,13072,1114.0,5,5,2004,2004,3,1,1,6,0,0.0,0.0,SawyerW,Y,Normal,142000
1114,12450,1114.0,5,5,2003,2004,3,2,0,6,0,2.0,576.0,SawyerW,Y,Normal,153000
1450,7328,1450.0,7,5,2008,2009,2,2,0,6,0,3.0,788.0,SawyerW,Y,Partial,224243
2122,11492,913.0,7,5,1996,1997,4,2,1,8,1,2.0,559.0,SawyerW,Y,Normal,220000
1844,10994,1844.0,8,5,2005,2006,2,2,0,7,1,2.0,620.0,SawyerW,Y,Abnorml,257000
1434,8529,1454.0,7,5,2001,2001,3,2,0,6,1,2.0,527.0,SawyerW,Y,Normal,189000
1730,7703,816.0,6,6,1992,1992,3,2,1,6,0,2.0,528.0,SawyerW,Y,Normal,171500
1217,10762,626.0,6,6,1980,1980,3,1,1,6,1,1.0,288.0,SawyerW,Y,Normal,120000
1332,7175,1332.0,6,5,1990,1991,2,2,0,5,0,2.0,542.0,SawyerW,Y,Normal,145000
1540,9109,754.0,7,5,1994,1994,3,2,1,6,0,2.0,495.0,SawyerW,Y,Normal,184000
1400,10274,676.0,6,7,1986,1986,3,2,1,6,0,2.0,465.0,SawyerW,Y,Normal,162000
1882,8250,0.0,6,7,1981,1981,4,2,0,8,2,2.0,612.0,SawyerW,Y,Normal,160000
841,8400,721.0,4,4,1950,1950,2,1,0,4,0,1.0,294.0,SawyerW,Y,Normal,82000
784,9000,784.0,6,3,1928,1950,2,1,0,5,0,2.0,360.0,SawyerW,N,Normal,76000
980,9750,980.0,5,5,1962,1962,3,1,0,5,0,2.0,400.0,Sawyer,Y,Normal,110000
980,7064,980.0,5,6,1977,1977,3,1,0,6,0,2.0,484.0,Sawyer,Y,Normal,135000
864,8499,864.0,5,6,1961,1961,3,1,0,5,0,2.0,732.0,Sawyer,Y,Normal,141000
864,9079,864.0,5,5,1961,1961,2,1,0,5,0,1.0,440.0,Sawyer,Y,Normal,122000
1020,9316,1024.0,5,5,1965,1965,3,2,0,5,0,1.0,288.0,Sawyer,Y,Family,124100
912,7791,912.0,5,8,1963,1995,3,1,0,6,0,1.0,300.0,Sawyer,Y,Normal,129000
1144,10000,864.0,5,6,1961,1983,3,1,0,6,1,1.0,264.0,Sawyer,Y,Normal,131400
864,8281,864.0,5,5,1965,1965,3,1,0,5,1,1.0,360.0,Sawyer,Y,Normal,62383
912,7150,912.0,5,6,1962,1962,3,1,0,6,0,1.0,252.0,Sawyer,Y,Normal,123000
2014,15676,2014.0,8,8,1980,1980,2,2,0,6,2,3.0,864.0,Veenker,Y,Normal,275000
1755,11949,975.0,7,8,1991,2008,3,2,1,7,1,2.0,524.0,NoRidge,Y,Normal,235000
3005,2880,1376.0,7,5,2004,2005,3,2,1,9,1,3.0,704.0,Somerst,Y,Normal,280750
1224,3951,612.0,6,5,2009,2009,2,2,1,4,0,2.0,528.0,Somerst,Y,Partial,164500
1224,3000,612.0,6,5,2009,2009,2,2,1,4,0,2.0,528.0,Somerst,Y,Partial,173733
1726,3830,1726.0,6,5,2008,2008,2,2,1,6,1,2.0,561.0,Somerst,Y,Partial,222000
1256,4217,1145.0,6,5,2008,2008,1,1,1,5,1,2.0,641.0,Somerst,Y,Normal,195000
1471,3230,729.0,6,5,1999,1999,3,2,1,6,0,2.0,440.0,Somerst,Y,Normal,172500
1512,2998,756.0,6,5,2000,2000,2,2,1,4,0,2.0,440.0,Somerst,Y,Normal,180000
1452,3768,691.0,7,5,1999,1999,3,2,1,6,0,2.0,506.0,Somerst,Y,Normal,156000
1739,2645,970.0,8,5,1999,2000,3,2,1,7,0,2.0,480.0,Somerst,Y,Abnorml,172500
1694,14694,1694.0,8,9,1977,2008,2,2,0,5,1,2.0,642.0,Veenker,Y,Normal,318750
1226,3782,1226.0,8,5,1981,1981,1,1,0,4,2,2.0,484.0,Greens,Y,Normal,211500
1740,15417,1740.0,7,5,1981,1981,2,1,1,7,0,2.0,540.0,Veenker,Y,Normal,241600
2499,9600,392.0,8,5,1976,1976,4,2,1,5,1,2.0,527.0,Veenker,Y,Abnorml,180500
1620,9991,1281.0,4,4,1976,1993,3,2,0,8,1,2.0,490.0,Sawyer,Y,Normal,150000
1556,11700,727.0,6,6,1968,1968,4,1,1,8,0,2.0,441.0,NWAmes,Y,Normal,154000
1442,11717,1442.0,6,6,1970,1970,2,2,0,6,1,2.0,615.0,NWAmes,Y,Normal,185000
1489,9156,1489.0,6,7,1968,1968,3,2,0,7,1,2.0,462.0,NWAmes,Y,Normal,185750
2090,10382,1107.0,7,6,1973,1973,3,2,1,7,2,2.0,484.0,NWAmes,Y,Normal,200000
2067,12732,752.0,7,6,1974,1974,3,2,1,7,2,2.0,784.0,NWAmes,Y,Normal,206000
1395,12936,723.0,6,6,1972,1972,3,1,1,6,1,2.0,497.0,NWAmes,Y,Normal,162000
2640,10400,932.0,6,7,1967,1997,5,2,1,8,1,2.0,515.0,NWAmes,Y,Normal,256900
1724,17871,1680.0,6,5,1967,1976,3,1,1,7,1,2.0,480.0,NWAmes,Y,Normal,197900
1336,9600,1288.0,5,5,1969,1969,3,2,0,6,1,2.0,502.0,NWAmes,Y,Normal,163000
1216,9000,1216.0,6,5,1969,1969,3,1,0,5,0,1.0,336.0,NWAmes,Y,Abnorml,113000
2288,13774,908.0,7,7,1977,1992,4,1,2,8,2,2.0,520.0,NWAmes,Y,Normal,230000
1334,9650,1350.0,6,5,1977,1977,2,2,0,6,1,2.0,630.0,NWAmes,Y,Normal,167900
1680,10140,1650.0,7,5,1998,1999,3,2,0,7,1,2.0,583.0,NWAmes,Y,Normal,213250
1665,8400,810.0,8,6,2001,2001,3,2,1,6,0,2.0,528.0,NWAmes,Y,Normal,227000
864,7130,864.0,5,6,1967,1967,2,1,0,5,0,1.0,312.0,NAmes,Y,Normal,130000
1568,9600,1568.0,5,5,1967,1967,3,1,1,7,0,2.0,440.0,NAmes,Y,Normal,143000
925,9100,925.0,5,6,1965,1965,2,1,0,5,0,1.0,429.0,NAmes,Y,Normal,117500
2061,9600,1165.0,7,5,1974,1974,4,2,1,8,1,2.0,498.0,NWAmes,Y,Abnorml,168500
1320,16500,1232.0,6,5,1971,1971,3,2,0,5,1,2.0,495.0,NWAmes,Y,Normal,172500
1342,9790,1372.0,6,5,1967,1967,3,2,0,7,1,2.0,457.0,NWAmes,Y,Normal,161500
894,7436,894.0,4,7,1960,1960,2,1,0,5,1,2.0,396.0,NAmes,Y,Normal,141500
864,8125,864.0,5,7,1959,1959,3,1,0,5,0,1.0,308.0,NAmes,Y,Normal,118000
864,9100,864.0,6,6,1959,1959,2,1,0,5,0,1.0,300.0,NAmes,Y,Normal,127500
1362,9450,1040.0,4,5,1957,1957,3,1,0,6,1,3.0,768.0,NAmes,Y,Normal,140000
1728,13495,1048.0,5,6,1956,1956,3,2,0,7,1,2.0,576.0,NAmes,Y,Normal,177625
1776,11475,1584.0,5,5,1958,1958,4,2,0,9,0,3.0,888.0,NAmes,Y,Abnorml,110000
1516,10004,1516.0,6,6,1964,1964,3,1,1,6,0,2.0,472.0,NAmes,Y,Normal,167000
1313,9350,1313.0,5,6,1961,1995,3,1,1,6,1,2.0,610.0,NAmes,Y,Normal,153000
1292,10500,1292.0,5,5,1964,1964,3,1,1,6,2,2.0,520.0,NAmes,Y,Abnorml,145100
1154,11000,1154.0,5,6,1966,1966,3,1,1,6,1,2.0,480.0,NAmes,Y,Normal,154000
2140,8970,744.0,5,6,1965,1965,4,2,1,7,1,2.0,549.0,NAmes,Y,Normal,177500
1445,12095,1127.0,6,6,1964,1964,3,1,1,7,1,2.0,645.0,NAmes,Y,Normal,158000
1041,9600,1041.0,5,6,1959,1959,3,1,0,6,0,1.0,270.0,NAmes,Y,Normal,124500
1576,11475,1208.0,6,6,1961,1961,4,1,0,7,1,2.0,368.0,NAmes,Y,Normal,174500
960,9768,960.0,5,5,1955,1955,2,1,0,5,0,1.0,330.0,NAmes,Y,Normal,122000
708,5330,420.0,4,7,1940,1950,2,1,0,5,0,0.0,0.0,BrkSide,Y,Normal,82500
1203,7015,709.0,5,4,1950,1950,3,1,0,5,1,1.0,352.0,BrkSide,Y,Normal,110000
1505,12160,1505.0,6,4,1953,1953,2,1,0,6,1,2.0,505.0,NAmes,Y,Normal,149500
1691,9900,1680.0,6,5,1967,1967,2,1,0,5,0,2.0,550.0,NAmes,Y,Normal,175000
1644,9600,1416.0,6,5,1953,1953,3,1,0,7,2,2.0,418.0,NAmes,Y,Normal,167000
1050,9600,1050.0,5,6,1956,1956,2,1,0,5,0,1.0,338.0,NAmes,Y,Normal,128900
1668,9600,856.0,6,8,1950,2005,3,1,1,6,0,1.0,271.0,NAmes,Y,Normal,140000
1113,9600,1113.0,5,7,1950,2007,3,1,0,5,1,1.0,264.0,NAmes,Y,Normal,147000
1584,8944,1584.0,5,5,1967,1967,4,2,0,8,0,3.0,792.0,NAmes,Y,Normal,124000
1453,10573,1453.0,6,6,1961,1961,3,2,0,6,1,2.0,530.0,NAmes,Y,Normal,187500
1394,9500,1394.0,6,5,1963,1963,3,1,1,6,2,2.0,514.0,NAmes,Y,Normal,159000
1567,14695,1562.0,6,8,1966,2008,2,2,0,5,2,2.0,542.0,NAmes,Y,Normal,256000
1986,13600,768.0,7,6,1965,1990,3,2,1,7,3,2.0,486.0,NAmes,Y,Normal,205000
2142,13000,896.0,6,6,1968,1968,4,2,1,8,1,1.0,509.0,NAmes,Y,Normal,193500
1392,13560,1392.0,6,3,1968,1968,2,1,0,5,2,2.0,576.0,NAmes,Y,Normal,110000
1738,12513,715.0,4,4,1920,2007,4,2,0,7,1,1.0,368.0,NAmes,Y,Normal,104900
1144,8760,1169.0,5,7,1956,1956,3,1,0,6,0,1.0,286.0,NAmes,Y,Normal,150000
1478,8400,1478.0,6,3,1957,1957,3,1,1,6,2,2.0,442.0,NAmes,Y,Normal,156500
1329,12285,1329.0,7,6,1960,1960,3,1,1,5,2,2.0,441.0,NAmes,Y,Normal,176000
988,9240,988.0,6,8,1959,1998,3,2,0,6,0,1.0,297.0,NAmes,Y,Normal,149500
1632,9600,1240.0,6,6,1958,1988,3,2,0,6,1,1.0,338.0,NAmes,Y,Normal,139000
1215,12400,1215.0,6,7,1958,1998,3,1,0,6,0,1.0,297.0,NAmes,Y,Normal,155000
1202,8750,1202.0,5,5,1956,1956,3,1,0,6,0,1.0,304.0,NAmes,Y,Abnorml,120000
1382,8750,1382.0,5,5,1955,1955,3,1,0,6,0,1.0,350.0,NAmes,Y,Normal,153000
1200,10400,1200.0,4,5,1956,1956,3,1,0,6,2,1.0,294.0,NAmes,Y,Family,144000
1382,19296,1362.0,6,5,1962,1962,3,1,0,6,1,2.0,884.0,NAmes,Y,Normal,176000
1297,8532,1297.0,5,6,1954,1990,3,1,0,5,1,2.0,498.0,NAmes,Y,Normal,153000
1866,9482,1866.0,5,4,1958,1958,4,2,0,8,0,2.0,495.0,NAmes,Y,Normal,135000
1062,8128,1062.0,6,7,1954,1954,3,1,0,6,0,1.0,297.0,NAmes,Y,Normal,131000
1319,10634,608.0,5,6,1953,1953,3,1,0,5,0,1.0,270.0,NAmes,Y,Normal,123000
1112,13070,631.0,5,5,1951,1951,2,1,0,5,0,2.0,480.0,NAmes,Y,Normal,126000
1005,10434,1005.0,4,5,1955,1955,2,1,0,5,1,2.0,672.0,NAmes,Y,Normal,115000
1363,14559,1008.0,5,7,1951,2000,2,1,0,6,2,1.0,288.0,NAmes,Y,Normal,164900
793,8480,793.0,5,6,1945,1950,2,1,0,4,0,1.0,240.0,NAmes,Y,Normal,113000
1031,7626,1031.0,5,8,1952,2005,2,1,0,5,0,1.0,230.0,NAmes,Y,Normal,145500
1210,9533,0.0,5,5,1953,1953,2,1,1,7,0,1.0,616.0,NAmes,Y,Normal,102900
1699,10615,978.0,3,5,1900,1970,3,2,0,7,0,2.0,420.0,OldTown,Y,Abnorml,95000
1527,11419,699.0,7,7,1948,1999,3,1,1,6,1,2.0,410.0,NAmes,Y,Normal,152500
1200,9600,1200.0,5,6,1950,1950,3,1,0,6,0,1.0,246.0,NAmes,Y,Normal,129900
972,8000,972.0,6,6,1948,2002,2,1,0,5,1,1.0,240.0,NAmes,Y,Normal,132000
792,5470,792.0,3,5,1958,1958,2,1,0,4,0,1.0,366.0,OldTown,Y,Normal,99900
1656,10410,660.0,5,7,1916,1987,3,2,1,8,0,1.0,180.0,OldTown,Y,Normal,135000
1352,10800,676.0,5,7,1939,2006,4,2,0,7,0,2.0,720.0,OldTown,Y,Normal,149000
1039,8146,405.0,4,8,1900,2003,2,1,0,6,0,1.0,281.0,OldTown,Y,Normal,114000
792,9022,768.0,5,8,1924,2006,2,1,0,5,0,1.0,240.0,OldTown,Y,Normal,109500
1078,10230,1054.0,5,7,1925,1950,3,1,0,6,0,1.0,264.0,OldTown,Y,Normal,125000
2377,10410,1313.0,4,5,1915,1950,3,2,0,8,1,2.0,528.0,OldTown,Y,Normal,142900
1690,7200,560.0,7,9,1910,2008,4,2,0,5,0,2.0,624.0,OldTown,Y,Normal,156500
599,5400,416.0,2,5,1940,1950,2,1,0,4,0,0.0,0.0,OldTown,N,Normal,59000
1374,5400,840.0,4,6,1920,1950,2,1,0,6,0,1.0,338.0,OldTown,Y,Normal,105000
846,10800,720.0,5,7,1920,1950,2,1,0,4,0,2.0,576.0,OldTown,N,Normal,106000
725,10800,630.0,3,5,1890,1998,1,1,1,4,0,1.0,320.0,OldTown,Y,Normal,78500
2544,9671,1248.0,6,5,1969,1969,6,2,2,12,0,3.0,907.0,NAmes,Y,Normal,190000
1380,10143,1380.0,6,7,1963,1963,3,1,1,6,0,1.0,364.0,NAmes,Y,Normal,154000
1040,11500,1040.0,6,4,1967,1967,3,1,0,6,1,2.0,480.0,NAmes,Y,Normal,163000
2634,11643,1248.0,5,5,1969,1969,6,2,2,12,0,4.0,968.0,NAmes,Y,Normal,200000
951,8010,951.0,6,9,1958,2007,2,1,0,6,0,2.0,480.0,NAmes,Y,Normal,143500
1105,10454,1105.0,6,6,1957,1957,3,1,0,5,0,1.0,308.0,NAmes,Y,Normal,135000
1306,8712,992.0,5,7,1957,2000,2,1,0,5,0,1.0,756.0,NAmes,Y,Normal,153000
1478,17600,1478.0,6,5,1960,1960,3,2,0,6,2,2.0,498.0,NAmes,Y,Normal,157500
1142,9000,160.0,6,6,1958,1958,2,1,0,5,1,1.0,384.0,NAmes,Y,Normal,113500
1268,12144,832.0,5,7,1949,1950,3,1,0,6,1,1.0,288.0,NAmes,Y,Normal,133000
1040,8544,0.0,3,4,1950,1950,2,2,0,6,0,2.0,400.0,NAmes,N,Normal,92900
1133,8064,795.0,6,5,1950,1950,3,1,0,5,0,2.0,900.0,NAmes,N,Abnorml,128500
1040,7200,0.0,4,5,1949,1950,2,2,0,6,0,2.0,420.0,NAmes,N,Normal,90000
1904,7200,1208.0,5,4,1950,1982,3,1,1,7,0,1.0,240.0,NAmes,Y,Normal,138000
1041,7350,1041.0,5,6,1958,1958,3,1,0,6,0,1.0,294.0,NAmes,Y,Normal,128000
1339,7560,1029.0,5,6,1958,1965,3,1,0,6,0,1.0,294.0,NAmes,Y,Abnorml,139000
732,7200,732.0,5,7,1952,1952,2,1,0,4,0,1.0,240.0,NAmes,Y,Normal,118900
1183,8000,528.0,5,5,1959,1959,3,1,0,6,0,1.0,288.0,NAmes,Y,Normal,138000
1148,7931,1148.0,5,5,1959,1959,3,1,0,6,0,1.0,672.0,NAmes,Y,Normal,132500
1461,10800,832.0,4,7,1949,1996,4,2,0,6,0,1.0,384.0,NAmes,Y,Normal,133500
1495,8064,864.0,6,7,1948,1994,3,1,0,6,0,2.0,576.0,NAmes,Y,Abnorml,135000
1806,7570,780.0,6,5,1964,1964,4,1,1,8,0,2.0,483.0,NAmes,Y,Normal,144750
941,8604,941.0,5,7,1978,1978,2,1,0,4,0,2.0,564.0,NAmes,Y,Normal,145000
1045,7936,1045.0,6,6,1963,1963,3,1,0,6,1,1.0,264.0,NAmes,Y,Normal,127000
894,6600,894.0,5,5,1962,1962,2,1,0,5,0,1.0,308.0,NAmes,N,Normal,109500
1224,3950,818.0,6,8,1926,2004,3,1,0,5,0,1.0,210.0,OldTown,Y,Normal,115000
1230,10440,440.0,5,6,1910,1981,2,1,1,5,0,2.0,440.0,OldTown,Y,Normal,110000
1378,4080,901.0,6,8,1935,1998,3,1,0,6,0,1.0,162.0,OldTown,Y,Normal,128900
1944,10307,972.0,6,5,1910,1950,4,2,0,12,0,2.0,324.0,OldTown,N,Normal,103500
1131,5720,676.0,5,6,1941,1950,3,1,1,5,0,1.0,200.0,OldTown,Y,Abnorml,66500
1306,15660,240.0,5,8,1910,2003,3,1,1,6,0,2.0,472.0,OldTown,Y,Normal,130000
1464,9900,504.0,5,8,1910,2002,3,2,0,7,0,0.0,0.0,OldTown,Y,Normal,129000
1558,6406,690.0,5,6,1939,1950,3,1,1,7,1,2.0,400.0,OldTown,Y,Normal,150000
2372,6600,994.0,5,4,1892,1965,4,2,0,11,0,1.0,432.0,OldTown,N,Normal,107500
1701,7627,600.0,4,6,1920,1950,4,2,0,8,0,0.0,0.0,OldTown,N,Normal,94550
1960,7596,960.0,5,5,1952,1952,4,2,0,10,0,2.0,400.0,OldTown,Y,Normal,124500
1389,3378,651.0,7,8,1946,1992,3,1,1,6,2,1.0,240.0,OldTown,Y,Normal,135000
1447,10134,801.0,5,5,1910,1950,3,1,0,6,0,0.0,0.0,OldTown,N,Normal,103000
936,6000,936.0,4,4,1953,1953,2,1,0,4,0,2.0,576.0,OldTown,N,Normal,93000
1328,6000,768.0,5,7,1950,1970,3,1,1,6,0,1.0,308.0,OldTown,Y,Normal,129500
1387,6000,811.0,5,4,1954,1954,3,2,0,7,0,1.0,256.0,OldTown,Y,Normal,93000
861,7404,861.0,4,6,1920,1950,2,1,0,5,0,2.0,288.0,OldTown,Y,Normal,80000
612,5925,0.0,2,4,1940,1950,1,1,0,4,0,1.0,308.0,OldTown,N,Normal,45000
968,5925,600.0,3,6,1910,1950,2,1,0,6,0,0.0,0.0,OldTown,N,Abnorml,37900
886,5784,190.0,5,8,1938,1996,2,1,0,4,0,1.0,273.0,OldTown,Y,Normal,91300
792,8520,624.0,5,8,1923,1950,2,1,0,5,0,1.0,287.0,OldTown,Y,Normal,99500
1452,4456,736.0,4,5,1920,2008,2,2,0,8,0,0.0,0.0,OldTown,Y,Partial,113000
1510,9600,677.0,4,4,1910,1950,3,2,0,7,0,2.0,720.0,OldTown,Y,Normal,87500
1284,3500,720.0,5,7,1947,1950,2,1,1,5,0,1.0,240.0,OldTown,Y,Normal,110000
2138,8100,849.0,5,5,1898,1965,2,2,0,11,0,2.0,360.0,OldTown,N,Normal,106000
2640,11700,1240.0,7,7,1880,2003,4,1,1,8,1,4.0,864.0,OldTown,N,Normal,265979
2007,8400,917.0,6,7,1900,1950,3,2,0,8,0,1.0,357.0,OldTown,Y,Normal,160000
1288,3600,624.0,6,7,1917,2007,3,1,0,5,1,1.0,280.0,OldTown,Y,Normal,119000
1742,17671,916.0,8,9,1882,1986,4,1,1,8,1,2.0,424.0,OldTown,Y,Normal,168000
816,3300,624.0,4,3,1910,1950,2,1,0,5,1,0.0,0.0,OldTown,Y,Normal,58500
1482,9000,650.0,7,9,1920,1988,3,1,0,7,0,2.0,324.0,OldTown,Y,Normal,143000
1022,7200,1022.0,5,4,1910,2006,2,1,0,4,0,1.0,280.0,OldTown,N,Normal,85000
1869,8820,1088.0,5,6,1890,1996,2,1,0,7,0,2.0,456.0,OldTown,Y,Normal,124900
1480,5400,972.0,6,6,1920,1950,3,1,0,6,0,1.0,207.0,OldTown,Y,Family,119000
1521,9720,741.0,6,7,1910,2002,4,1,0,8,0,3.0,640.0,OldTown,Y,Normal,146500
720,7879,720.0,4,5,1920,1950,2,1,0,4,0,0.0,0.0,IDOTRR,N,Abnorml,34900
797,9392,245.0,3,3,1900,1950,2,1,0,5,0,0.0,0.0,IDOTRR,N,Abnorml,44000
1576,21384,1324.0,5,6,1923,2004,3,1,1,6,1,2.0,528.0,BrkSide,Y,Normal,223500
1432,6615,1022.0,6,6,1923,1950,3,1,0,6,1,1.0,216.0,BrkSide,N,Normal,149000
1548,7264,952.0,7,7,1925,2007,3,2,1,5,0,2.0,672.0,BrkSide,N,Normal,205000
1654,4960,297.0,5,7,1930,1982,3,2,0,7,1,1.0,336.0,BrkSide,Y,Normal,137000
952,8854,952.0,6,6,1916,1950,2,1,0,4,1,1.0,192.0,BrkSide,N,Normal,121000
1324,6000,672.0,4,6,1936,1950,3,1,0,6,0,1.0,240.0,BrkSide,Y,Normal,128000
1176,6000,698.0,6,9,1937,2000,2,1,0,4,0,2.0,624.0,BrkSide,Y,Normal,134900
1348,6000,884.0,5,8,1925,1997,3,1,0,5,1,1.0,216.0,BrkSide,Y,Normal,117000
1412,6000,780.0,6,6,1939,1950,4,1,0,6,1,1.0,280.0,BrkSide,Y,Normal,132500
1142,6000,468.0,5,5,1924,1950,3,1,0,6,0,1.0,320.0,BrkSide,Y,Normal,93000
904,6000,884.0,6,7,1926,2004,2,1,0,4,0,1.0,180.0,BrkSide,Y,Normal,119000
1301,6911,1145.0,5,5,1924,1950,2,1,0,5,0,2.0,440.0,BrkSide,Y,Normal,100000
1539,6120,927.0,5,6,1936,1950,3,1,1,5,0,2.0,576.0,BrkSide,Y,Normal,141500
1573,6120,884.0,4,7,1935,1995,3,1,0,6,0,1.0,240.0,BrkSide,Y,Normal,133000
800,6120,264.0,2,3,1936,1950,1,1,0,4,1,0.0,0.0,BrkSide,N,Normal,60000
875,6120,715.0,5,7,1931,1993,2,1,0,5,0,1.0,180.0,BrkSide,Y,Normal,105000
995,6120,960.0,5,6,1925,1999,2,1,0,5,0,1.0,264.0,BrkSide,Y,Abnorml,115000
1582,6120,952.0,5,6,1938,1950,3,2,0,6,1,1.0,250.0,BrkSide,Y,Normal,150000
1072,8635,1072.0,5,5,1925,1950,2,1,0,5,0,5.0,1184.0,BrkSide,Y,Normal,126500
2134,11888,844.0,6,6,1916,1994,5,2,0,10,0,2.0,441.0,BrkSide,N,Normal,214500
2019,11414,728.0,7,8,1910,1993,3,1,0,8,0,2.0,532.0,BrkSide,N,Normal,167500
1768,8094,1048.0,6,6,1915,1950,3,2,0,8,0,2.0,576.0,OldTown,Y,Normal,155000
1826,2500,910.0,7,8,1915,2005,4,1,1,7,1,1.0,164.0,OldTown,Y,Normal,155000
1944,9928,672.0,7,8,1915,1994,3,2,0,8,0,1.0,216.0,OldTown,Y,Normal,179900
2229,5520,755.0,6,6,1912,1950,5,1,0,8,0,0.0,0.0,OldTown,Y,Abnorml,104000
2128,3000,1040.0,5,1,1922,1950,4,2,0,11,0,0.0,0.0,OldTown,N,Abnorml,62500
1930,6876,720.0,6,5,1927,1950,4,2,0,8,0,1.0,316.0,IDOTRR,Y,Normal,149000
1208,6240,780.0,4,5,1925,1950,2,1,0,5,0,2.0,539.0,IDOTRR,Y,Normal,103000
1427,5775,483.0,6,7,1915,2002,3,1,0,7,0,1.0,379.0,OldTown,Y,Normal,123000
1864,5852,1020.0,7,5,1902,2000,6,2,1,9,0,0.0,0.0,OldTown,N,Normal,97500
1666,5160,1204.0,6,6,1927,1950,3,1,0,4,0,1.0,384.0,IDOTRR,Y,Normal,135000
892,5160,858.0,4,6,1923,1950,1,1,0,5,0,0.0,0.0,IDOTRR,Y,Abnorml,70000
1403,10320,698.0,6,7,1915,1965,3,1,1,7,0,1.0,308.0,IDOTRR,Y,Normal,116000
704,4280,560.0,4,9,1946,2001,2,1,0,4,0,1.0,220.0,Sawyer,Y,Normal,88750
1200,10800,1200.0,5,5,1987,1988,3,3,0,5,0,0.0,0.0,Edwards,Y,Alloca,179000
1200,10800,1200.0,5,5,1987,1988,3,3,0,5,0,0.0,0.0,Edwards,Y,Alloca,179000
1152,10547,1152.0,5,5,1978,1978,2,2,0,6,0,1.0,252.0,Edwards,Y,Normal,159900
904,10020,683.0,1,1,1922,1950,1,0,1,4,0,0.0,0.0,Edwards,N,Normal,61000
1369,6629,672.0,6,6,1925,1950,3,2,0,6,0,1.0,300.0,Edwards,N,Normal,103600
1112,9780,585.0,5,3,1934,1950,4,2,0,6,0,1.0,226.0,Edwards,N,Normal,63000
1464,12886,520.0,5,6,1963,1999,3,2,0,6,1,2.0,480.0,Sawyer,Y,Normal,175000
1121,8816,1121.0,5,6,1963,1963,3,1,0,5,0,2.0,480.0,Sawyer,Y,Normal,139000
1683,11184,918.0,6,5,1978,1978,3,2,1,7,1,2.0,440.0,Sawyer,Y,Normal,172500
1052,11625,1052.0,5,6,1967,1967,3,1,1,6,1,1.0,668.0,Sawyer,Y,Abnorml,113500
899,7800,864.0,5,7,1967,2004,3,1,0,5,0,1.0,288.0,Sawyer,Y,Normal,130000
1034,8014,456.0,6,5,1978,1978,3,1,0,5,1,2.0,504.0,Sawyer,Y,Normal,149900
858,7252,858.0,5,5,1982,1982,2,1,0,5,0,2.0,576.0,Sawyer,Y,Normal,134900
860,8740,840.0,5,6,1982,1982,2,1,0,4,0,2.0,528.0,Sawyer,Y,Normal,137000
1092,11616,1092.0,5,5,1962,1962,3,1,0,6,1,1.0,288.0,Sawyer,Y,Normal,139000
1774,15400,552.0,5,5,1961,1961,4,2,0,8,1,1.0,384.0,Sawyer,Y,Normal,165000
1138,15312,1138.0,6,5,1960,1960,3,1,0,6,1,2.0,480.0,Sawyer,Y,Normal,148000
2071,15584,825.0,5,5,1956,1956,4,1,1,9,1,1.0,336.0,ClearCr,Y,Normal,165000
660,9000,0.0,2,2,1947,1950,2,1,0,5,0,0.0,0.0,Sawyer,N,Normal,63900
1788,11250,1104.0,4,5,1957,1989,5,1,0,8,2,1.0,304.0,ClearCr,Y,Normal,161500
1473,25095,1437.0,5,8,1968,2003,1,1,0,5,2,1.0,452.0,ClearCr,Y,Partial,143000
1229,17140,1134.0,4,6,1956,1956,3,1,0,6,0,1.0,284.0,Edwards,Y,Normal,135000
861,12342,861.0,4,5,1940,1950,1,1,0,4,0,2.0,539.0,Edwards,Y,Normal,82500
1867,10708,1617.0,5,5,1955,1993,2,1,0,7,3,1.0,303.0,ClearCr,Y,Normal,190000
1733,13680,0.0,3,5,1955,1955,4,2,0,8,1,2.0,452.0,Edwards,Y,Normal,139600
1383,15635,0.0,4,5,1954,1954,2,1,0,6,0,2.0,498.0,Edwards,Y,Normal,122000
1689,9855,1436.0,6,5,1956,1956,3,1,0,7,1,2.0,480.0,Edwards,Y,Normal,127500
1073,9571,1073.0,5,5,1956,1956,2,1,0,5,0,1.0,340.0,Edwards,Y,Normal,121500
1276,9571,1276.0,5,3,1958,1958,3,1,0,5,0,1.0,350.0,Edwards,Y,Abnorml,60000
1639,9350,747.0,6,7,1946,1950,3,1,1,6,1,1.0,240.0,Edwards,Y,Normal,154400
672,9340,672.0,4,6,1941,1950,2,1,0,4,0,1.0,234.0,Edwards,Y,Normal,113000
1089,7440,1089.0,5,6,1954,1954,3,1,0,5,1,1.0,252.0,Edwards,Y,Normal,125000
845,11500,0.0,4,3,1957,1957,3,1,0,5,0,1.0,290.0,Edwards,N,Normal,84000
1049,4235,1049.0,5,5,1984,1984,2,2,0,5,0,1.0,266.0,Edwards,Y,Normal,139500
1716,11409,768.0,5,4,1949,2008,3,1,1,8,1,1.0,281.0,Edwards,Y,Normal,131000
1258,9060,560.0,6,5,1939,1950,2,1,0,6,0,1.0,280.0,Edwards,Y,Normal,105000
1510,9084,755.0,4,5,1940,1950,4,1,0,7,1,1.0,296.0,Edwards,Y,Normal,108000
1061,10778,1054.0,7,6,1990,1991,1,1,1,4,0,2.0,462.0,SawyerW,Y,Normal,162000
1338,19255,520.0,6,5,1983,1983,2,1,1,5,1,2.0,576.0,SawyerW,Y,Normal,156500
2132,12327,1496.0,8,8,1983,2009,1,1,1,5,1,2.0,612.0,SawyerW,Y,Normal,316600
2196,14684,2158.0,7,7,1990,1991,3,2,0,7,1,3.0,701.0,SawyerW,Y,Normal,271900
1775,9317,740.0,7,5,1993,1993,3,2,1,7,1,2.0,425.0,SawyerW,Y,Normal,213000
1879,10560,1079.0,7,5,1993,1994,3,2,1,8,1,2.0,473.0,SawyerW,Y,Normal,239900
2020,9828,1128.0,8,5,1995,1995,3,2,1,8,1,2.0,466.0,SawyerW,Y,Normal,239500
2016,26400,0.0,5,7,1880,2007,4,1,0,7,1,2.0,576.0,SawyerW,Y,Normal,131000
1535,7018,0.0,5,5,1979,1979,4,2,0,8,0,2.0,410.0,SawyerW,Y,Alloca,118964
1224,7018,1086.0,5,5,1979,1979,2,0,2,6,2,2.0,528.0,SawyerW,Y,Alloca,153337
2228,7018,0.0,5,5,1979,1979,6,2,0,8,0,2.0,720.0,SawyerW,Y,Alloca,147983
1535,7018,0.0,5,5,1979,1979,4,2,0,8,0,2.0,400.0,SawyerW,Y,Alloca,118858
1535,7018,0.0,5,5,1979,1979,4,2,0,8,0,2.0,400.0,SawyerW,Y,Alloca,118858
2240,7018,0.0,5,5,1979,1979,6,2,0,12,0,2.0,528.0,SawyerW,Y,Alloca,142953
1229,7040,1094.0,5,5,1979,1979,2,0,2,6,2,2.0,672.0,SawyerW,Y,Alloca,148325
1513,7007,0.0,5,5,1979,1979,4,2,0,8,0,2.0,400.0,SawyerW,Y,Alloca,113722
2787,11855,1168.0,7,5,2000,2000,6,4,2,8,2,4.0,820.0,SawyerW,Y,Normal,269500
2787,7939,1168.0,7,5,2000,2000,6,4,2,8,2,4.0,820.0,SawyerW,Y,Normal,269500
2787,7976,1168.0,7,5,2000,2000,6,4,2,8,2,4.0,820.0,SawyerW,Y,Normal,269500
1680,10933,1555.0,9,5,2009,2009,1,1,1,8,1,3.0,1138.0,CollgCr,Y,Partial,323262
1718,10637,1705.0,8,5,2007,2008,3,2,0,7,1,3.0,826.0,CollgCr,Y,Normal,297000
1630,10226,1622.0,8,5,2008,2008,3,2,0,8,1,3.0,860.0,CollgCr,Y,Normal,295493
1720,10816,1720.0,9,5,2008,2008,3,2,0,8,1,3.0,846.0,CollgCr,Y,Normal,332000
1468,9178,1468.0,8,5,2008,2008,3,2,0,6,1,3.0,904.0,CollgCr,Y,Normal,239900
1768,10769,866.0,8,5,2007,2007,3,2,1,7,0,2.0,578.0,CollgCr,Y,Normal,212000
1838,11422,1838.0,8,5,2007,2008,3,2,0,7,2,2.0,524.0,CollgCr,Y,Normal,272500
1800,11923,1800.0,9,5,2007,2007,2,2,0,7,0,2.0,702.0,CollgCr,Y,Normal,239000
1604,8814,1604.0,7,5,2006,2006,3,2,1,8,1,2.0,660.0,CollgCr,Y,Abnorml,220000
1290,6762,1282.0,7,5,2007,2007,2,2,0,6,1,2.0,662.0,CollgCr,Y,Normal,200000
1254,10324,1254.0,8,5,2008,2008,2,2,0,5,0,3.0,810.0,CollgCr,Y,Normal,221800
1232,7314,1232.0,7,5,2007,2007,2,2,0,6,0,2.0,632.0,CollgCr,Y,Normal,194500
1498,11645,1498.0,8,5,2005,2006,3,2,0,7,1,3.0,844.0,CollgCr,Y,Normal,237000
1422,11646,704.0,6,5,2005,2006,3,2,1,7,1,2.0,440.0,CollgCr,Y,Normal,173000
1644,12800,1518.0,7,5,1989,1989,2,2,0,5,1,2.0,569.0,SawyerW,Y,Normal,275000
1759,16698,1449.0,7,5,1992,1993,3,2,1,7,1,2.0,525.0,ClearCr,Y,Normal,233500
2126,28698,1013.0,5,5,1967,1967,3,2,1,7,0,2.0,538.0,ClearCr,Y,Abnorml,185000
1040,12464,1040.0,5,5,1996,1996,3,1,0,6,0,2.0,576.0,CollgCr,Y,Normal,152000
990,9757,990.0,5,7,1994,1994,3,1,0,5,0,1.0,440.0,CollgCr,Y,Normal,143000
1764,15426,928.0,6,5,1997,1997,3,2,1,7,0,2.0,470.0,CollgCr,Y,Normal,231500
1661,10667,799.0,7,6,1996,1996,3,2,1,6,1,2.0,550.0,CollgCr,Y,Normal,212000
1463,14753,1463.0,7,5,1998,1998,3,2,0,5,0,2.0,539.0,CollgCr,Y,Normal,207000
1097,10859,1097.0,5,5,1994,1995,3,1,1,6,0,2.0,672.0,CollgCr,Y,Normal,145000
990,8072,990.0,5,5,1994,1995,3,1,0,5,0,2.0,480.0,CollgCr,Y,Normal,138000
1779,10400,866.0,7,5,1998,1998,3,2,1,6,0,2.0,546.0,CollgCr,Y,Normal,197900
1501,10335,1490.0,7,5,1999,1999,3,2,0,6,0,2.0,577.0,CollgCr,Y,Normal,204000
1431,9017,1431.0,7,5,1999,1999,3,2,0,6,0,2.0,666.0,CollgCr,Y,Normal,192000
1772,8750,928.0,6,5,1998,1998,3,2,1,7,1,2.0,492.0,CollgCr,Y,Normal,200000
1660,8935,831.0,7,5,2002,2002,3,2,1,7,0,2.0,493.0,CollgCr,Y,Normal,195000
1573,9808,1573.0,7,5,2002,2002,3,2,0,6,0,2.0,544.0,CollgCr,Y,Normal,227000
1840,12420,944.0,7,5,2001,2001,3,2,1,6,0,2.0,622.0,CollgCr,Y,Normal,230000
1430,16285,1413.0,7,5,2001,2002,3,2,0,6,0,2.0,605.0,CollgCr,Y,Normal,187100
1444,10739,1431.0,7,5,2002,2001,3,2,0,6,0,2.0,577.0,CollgCr,Y,Normal,203000
1492,11166,1492.0,7,5,2001,2001,3,2,0,6,1,2.0,608.0,CollgCr,Y,Family,201000
1040,8430,1040.0,5,5,1978,1978,3,2,0,5,0,0.0,0.0,CollgCr,Y,Normal,124000
907,16269,907.0,5,5,1978,1978,3,1,0,5,0,1.0,343.0,CollgCr,Y,Normal,140000
914,6950,914.0,5,7,1979,1979,2,1,0,5,0,2.0,444.0,CollgCr,Y,Normal,134900
1040,8800,1040.0,5,7,1977,2008,3,2,0,5,0,2.0,484.0,CollgCr,Y,Normal,150500
864,7000,864.0,5,8,1978,2005,3,1,0,6,0,1.0,336.0,CollgCr,Y,Normal,136500
1268,9286,1268.0,5,7,1977,1989,3,1,1,5,0,1.0,252.0,CollgCr,Y,Normal,143500
864,15523,864.0,5,6,1972,1972,3,1,0,5,1,1.0,338.0,CollgCr,Y,Normal,133500
894,7200,894.0,5,5,1972,1972,2,1,0,6,0,2.0,600.0,CollgCr,Y,Normal,123000
768,7200,768.0,5,8,1972,2003,2,1,0,5,0,1.0,396.0,CollgCr,Y,Normal,133900
768,8445,768.0,5,7,1972,2007,2,1,0,5,0,2.0,396.0,CollgCr,Y,Normal,133000
1611,11664,1569.0,7,5,2002,2002,3,2,0,6,0,3.0,1231.0,CollgCr,Y,Normal,250000
2184,12334,1068.0,8,5,2003,2003,4,2,1,8,1,2.0,570.0,CollgCr,Y,Normal,254750
1788,11838,1753.0,8,5,2001,2001,3,2,0,7,1,2.0,522.0,CollgCr,Y,Normal,236500
1872,11885,1299.0,8,5,2001,2001,3,2,1,7,1,2.0,531.0,CollgCr,Y,Normal,261500
2153,11050,1440.0,9,5,2000,2000,3,2,1,8,2,3.0,736.0,CollgCr,Y,Normal,313000
1725,8749,840.0,7,5,2002,2002,3,2,1,6,0,2.0,550.0,CollgCr,Y,Normal,198500
1870,11250,944.0,7,5,2001,2001,3,2,1,6,0,2.0,608.0,CollgCr,Y,Normal,211000
1513,15750,1462.0,8,5,1999,2000,2,2,0,5,1,2.0,521.0,CollgCr,Y,Normal,220000
1504,11883,1504.0,7,5,1996,1996,3,2,0,6,1,2.0,478.0,CollgCr,Y,Normal,203000
1828,12782,1822.0,8,5,2002,2003,3,2,0,7,1,2.0,523.0,CollgCr,Y,Normal,279500
1417,8750,1417.0,7,5,1997,1998,3,2,0,7,1,2.0,511.0,CollgCr,Y,Normal,210000
2034,9375,1057.0,7,5,1997,1998,3,2,1,8,0,2.0,645.0,CollgCr,Y,Normal,219500
1716,8750,880.0,7,5,1996,1996,2,2,1,7,1,2.0,512.0,CollgCr,Y,Normal,191000
1212,9100,1212.0,7,5,2001,2001,3,2,0,6,0,2.0,573.0,CollgCr,Y,Normal,178000
1630,9750,1630.0,7,5,2000,2001,3,2,0,6,1,2.0,451.0,CollgCr,Y,Normal,213000
848,4435,848.0,6,5,2003,2004,1,1,0,4,0,2.0,420.0,CollgCr,Y,Normal,144000
848,4435,848.0,6,5,2003,2003,1,1,0,4,0,2.0,420.0,CollgCr,Y,Normal,140000
1602,10200,1578.0,8,5,2007,2007,3,2,0,7,1,3.0,810.0,CollgCr,Y,Normal,293200
1728,9313,864.0,7,5,2004,2004,3,2,1,7,0,2.0,572.0,CollgCr,Y,Normal,190000
1500,8487,1500.0,7,5,2004,2004,3,2,0,6,0,2.0,570.0,CollgCr,Y,Normal,190000
1476,8633,738.0,6,5,2005,2005,3,2,1,7,0,2.0,540.0,CollgCr,Y,Normal,173500
1396,11069,608.0,6,5,2007,2007,3,2,1,6,1,2.0,440.0,CollgCr,Y,Normal,170000
1126,8777,0.0,4,5,1949,2003,2,2,0,5,0,2.0,520.0,Edwards,Y,Normal,108000
1486,9937,1486.0,5,7,1964,1999,3,1,0,7,0,2.0,480.0,Edwards,Y,Normal,167000
816,8877,816.0,4,6,1938,1958,2,1,0,3,1,1.0,288.0,Edwards,Y,Normal,100000
1922,7301,0.0,7,5,2003,2003,4,3,0,7,1,2.0,672.0,Edwards,Y,Normal,198500
1426,7950,690.0,6,6,1977,1977,3,1,1,6,0,2.0,440.0,Edwards,Y,Normal,159500
1149,10682,1014.0,4,6,1960,1971,3,1,0,7,0,1.0,544.0,Edwards,Y,Normal,127000
1125,7200,1041.0,6,6,1976,1976,3,1,0,6,1,1.0,352.0,Edwards,Y,Abnorml,125000
1698,13286,1698.0,9,5,2007,2008,3,2,0,8,1,3.0,768.0,Edwards,Y,Normal,320000
1072,3675,547.0,6,5,2005,2006,2,1,0,5,0,2.0,525.0,Edwards,Y,Normal,145500
698,9405,698.0,5,9,1947,2008,2,1,0,4,0,0.0,0.0,Edwards,Y,Normal,118000
876,6410,876.0,4,5,1959,1959,3,1,0,5,0,1.0,320.0,Edwards,Y,Normal,85000
1368,11767,1078.0,5,5,1950,1950,3,1,0,6,0,1.0,195.0,Edwards,Y,Normal,120000
1529,8405,0.0,4,3,1945,1950,4,2,0,9,0,1.0,240.0,Edwards,N,Normal,98000
864,4060,864.0,5,8,1922,1950,2,1,0,4,0,0.0,0.0,Edwards,Y,Normal,99900
944,10206,0.0,3,3,1952,1952,2,1,0,4,0,2.0,528.0,Edwards,N,Normal,82000
1678,10926,1678.0,5,5,1959,1959,6,2,0,10,0,0.0,0.0,Edwards,Y,Normal,119900
1560,11767,1150.0,5,5,1956,1956,2,1,0,7,1,1.0,313.0,Edwards,Y,Normal,103500
960,8926,672.0,4,3,1956,1956,3,1,0,5,0,1.0,288.0,Edwards,Y,Abnorml,112000
1196,12354,684.0,6,8,1920,2000,3,1,0,7,0,2.0,528.0,Edwards,Y,Normal,110000
1298,8212,720.0,5,6,1941,1950,3,1,0,6,2,1.0,256.0,Edwards,Y,Normal,122000
1604,10998,984.0,5,5,1941,1960,3,2,0,6,0,2.0,660.0,Edwards,Y,Normal,117000
1268,6300,832.0,5,4,1938,1950,3,1,1,7,2,1.0,250.0,SWISU,Y,Abnorml,160000
1520,4500,793.0,5,5,1932,2000,3,1,0,6,0,1.0,281.0,SWISU,Y,Abnorml,159434
438,8400,290.0,2,5,1920,1950,1,1,0,3,0,1.0,246.0,SWISU,N,Normal,60000
1489,9900,778.0,6,7,1940,1950,3,2,0,7,1,1.0,240.0,SWISU,Y,Normal,139500
3082,15863,824.0,7,3,1920,1970,5,2,1,12,2,2.0,672.0,SWISU,Y,Normal,197000
1242,5707,583.0,6,6,1935,1950,3,1,1,6,1,1.0,180.0,SWISU,Y,Normal,105000
1981,7804,1122.0,4,3,1928,1950,4,2,0,7,2,2.0,576.0,SWISU,Y,Normal,135000
1232,8574,816.0,6,8,1916,2000,3,1,0,6,1,2.0,440.0,Crawfor,Y,Normal,147500
1608,6171,976.0,6,6,1925,1990,3,2,1,7,1,1.0,216.0,SWISU,Y,Normal,137450
1135,7200,560.0,7,9,1936,2007,3,1,0,6,0,2.0,576.0,SWISU,Y,Normal,155000
1913,7558,896.0,6,6,1928,1950,3,1,1,9,1,2.0,342.0,Crawfor,Y,Normal,177000
1477,6292,861.0,7,7,1928,1950,3,2,0,6,1,1.0,216.0,SWISU,Y,Normal,145000
1228,7155,600.0,7,8,1918,1990,3,1,0,6,1,1.0,215.0,Crawfor,Y,Normal,137000
2080,10918,1276.0,7,9,1926,2004,3,1,1,9,2,1.0,282.0,Crawfor,Y,Normal,234000
1567,13680,840.0,5,6,1940,1950,2,1,1,6,2,2.0,440.0,Crawfor,Y,Normal,205000
1494,7500,771.0,6,7,1942,1950,3,1,0,7,2,1.0,213.0,Crawfor,Y,Normal,177500
1308,9600,728.0,5,7,1940,1950,2,1,1,7,2,1.0,256.0,Crawfor,Y,Normal,160000
1273,14680,1273.0,5,4,1960,1960,2,1,0,5,0,1.0,307.0,Crawfor,Y,Normal,155000
964,13360,876.0,5,7,1921,2006,2,1,0,5,0,2.0,432.0,Crawfor,Y,Normal,163500
1343,7681,731.0,5,6,1921,1950,3,1,1,7,1,1.0,186.0,Crawfor,Y,Normal,154900
2480,8145,920.0,7,6,1940,1950,5,2,1,13,2,2.0,400.0,Crawfor,Y,Normal,205000
1112,9100,1112.0,5,6,1954,1954,2,1,0,6,1,1.0,390.0,Crawfor,Y,Family,144800
1564,12000,704.0,7,7,1941,1950,3,1,1,7,1,1.0,234.0,Crawfor,Y,Normal,174500
1561,13339,1561.0,6,6,1960,1960,3,2,0,6,1,2.0,463.0,Crawfor,Y,Normal,193000
1523,15600,1067.0,5,7,1949,2005,3,2,0,7,1,1.0,295.0,Crawfor,N,Normal,158000
1152,14000,1092.0,6,8,1950,2004,3,1,0,6,1,1.0,300.0,Crawfor,Y,Family,158500
1906,17500,1310.0,6,5,1954,1954,3,1,1,6,2,2.0,576.0,Crawfor,Y,Normal,224000
1032,1733,516.0,6,6,1980,1980,2,1,0,5,1,2.0,452.0,Blueste,Y,Normal,115000
1229,1488,561.0,6,6,1980,1992,2,1,1,5,1,2.0,462.0,Blueste,Y,Normal,137000
1229,1612,561.0,6,6,1980,1980,2,1,1,5,1,2.0,462.0,Blueste,Y,Normal,121000
1229,1300,561.0,6,6,1980,1980,2,1,1,5,1,2.0,462.0,Blueste,Y,Normal,124000
1982,13607,572.0,6,6,1986,1986,3,2,1,6,1,2.0,501.0,Crawfor,Y,Normal,208000
2365,17597,1803.0,7,9,1971,2009,3,2,0,7,2,2.0,551.0,Crawfor,Y,Normal,315000
1680,21695,880.0,6,9,1988,2007,3,2,0,5,1,2.0,540.0,Crawfor,Y,Normal,222000
1344,10690,672.0,5,7,1920,1997,3,1,0,6,0,1.0,468.0,IDOTRR,Y,Normal,147000
2168,8660,760.0,5,6,1900,1993,5,2,0,11,0,2.0,576.0,IDOTRR,N,Normal,123000
1192,6402,596.0,5,5,1920,1950,3,1,0,6,0,1.0,189.0,IDOTRR,N,Normal,78000
1526,8470,1013.0,3,2,1915,1982,2,1,0,6,0,0.0,0.0,IDOTRR,N,Abnorml,85000
572,10200,572.0,4,6,1925,1950,2,1,0,4,0,1.0,200.0,IDOTRR,N,Normal,75000
1648,3843,1596.0,8,5,2007,2008,2,2,0,5,1,2.0,482.0,Crawfor,Y,Partial,230000
810,21780,0.0,2,4,1910,1950,1,1,0,4,0,1.0,280.0,IDOTRR,N,Normal,57625
2052,10125,1107.0,8,5,2000,2001,3,2,1,7,1,3.0,642.0,Mitchel,Y,Normal,251000
2149,12822,1434.0,7,5,2003,2003,1,1,1,6,1,2.0,670.0,Mitchel,Y,Abnorml,239686
1710,12118,1710.0,7,5,2004,2005,3,2,0,7,1,2.0,550.0,Mitchel,Y,Normal,240000
1961,12209,804.0,6,5,2001,2002,3,2,1,7,1,2.0,560.0,Mitchel,Y,Normal,215000
926,9750,902.0,6,6,1977,1977,2,1,0,5,1,1.0,351.0,Mitchel,Y,Normal,156450
1287,9360,957.0,6,7,1977,1977,2,1,1,5,2,2.0,541.0,Mitchel,Y,Normal,173000
1734,10125,0.0,5,5,1977,1977,4,2,0,8,0,2.0,539.0,Mitchel,Y,Normal,126000
1217,9947,1188.0,7,5,1990,1991,3,2,0,6,0,2.0,497.0,Mitchel,Y,Normal,173000
1595,11070,1582.0,5,5,1991,1991,2,2,0,5,0,2.0,672.0,Mitchel,Y,Abnorml,152000
1344,14375,819.0,6,6,1958,1958,3,1,0,7,1,2.0,525.0,Timber,Y,Abnorml,137500
2036,215245,2136.0,7,5,1965,1965,3,2,0,8,2,2.0,513.0,Timber,Y,Normal,375000
1620,12898,1620.0,9,5,2007,2008,2,2,0,6,1,3.0,912.0,Timber,Y,Normal,315500
1692,13159,846.0,7,5,2009,2009,3,2,1,6,0,2.0,650.0,Timber,Y,Partial,224500
2036,13438,2190.0,9,5,2008,2008,3,2,0,9,1,3.0,780.0,Timber,Y,Normal,410000
1641,14463,1641.0,9,5,2008,2008,3,2,0,7,0,3.0,885.0,Timber,Y,Normal,316500
1466,8925,1466.0,8,5,2007,2007,3,2,0,7,0,3.0,610.0,Timber,Y,Normal,201000
1412,11457,1392.0,6,5,1988,1988,3,2,0,6,1,2.0,576.0,Timber,Y,Normal,175000
2237,9839,712.0,6,8,1980,2006,3,2,1,7,1,2.0,440.0,Timber,Y,Normal,204000
1479,14419,1645.0,7,5,1987,1989,3,2,1,7,1,2.0,578.0,Timber,Y,Normal,213500
1296,6853,1267.0,8,5,2001,2002,2,2,0,6,0,2.0,471.0,Timber,Y,Normal,220000
2014,9157,912.0,7,5,2003,2003,3,2,1,9,0,2.0,486.0,Timber,Y,Abnorml,170000
1838,14601,1838.0,9,5,2006,2006,2,2,0,8,1,3.0,765.0,Timber,Y,Normal,315000
1978,12633,1978.0,9,5,2007,2007,2,2,0,7,1,3.0,920.0,Timber,Y,Normal,425000
1008,12518,1008.0,5,7,1968,1968,3,1,0,6,0,1.0,384.0,Mitchel,Y,Normal,139500
1771,21750,0.0,5,4,1960,2006,3,1,0,9,1,2.0,336.0,Mitchel,Y,Normal,115000
1204,4500,1204.0,6,5,1998,1998,2,2,0,5,0,2.0,412.0,Mitchel,Y,Normal,162000
1224,4500,1224.0,6,5,1999,1999,2,2,0,5,0,2.0,402.0,Mitchel,Y,Normal,165000
988,1596,462.0,4,5,1973,1973,2,1,0,5,0,1.0,297.0,MeadowV,Y,Normal,91000
874,9858,864.0,5,6,1968,1968,3,1,0,5,0,1.0,288.0,Mitchel,Y,Normal,130000
630,1526,630.0,4,8,1970,2002,1,1,0,3,0,1.0,286.0,MeadowV,Y,Normal,86000
1404,13383,1188.0,5,5,1969,2000,3,2,0,7,1,2.0,504.0,Mitchel,Y,Normal,160000
630,1477,630.0,4,4,1970,1970,1,1,0,3,0,1.0,286.0,MeadowV,Y,Normal,80000
1344,1533,546.0,4,6,1970,2008,3,1,1,6,1,0.0,0.0,MeadowV,Y,Normal,97000
1092,2217,546.0,4,4,1970,1970,3,1,1,6,0,1.0,286.0,MeadowV,Y,Normal,88000
796,7689,796.0,5,8,1972,1972,2,1,0,4,0,1.0,336.0,Mitchel,Y,Normal,131900
1091,7706,384.0,6,5,1993,1996,2,1,0,5,0,1.0,429.0,Mitchel,Y,Normal,131250
1110,9101,1097.0,5,6,1978,1978,1,1,0,4,1,2.0,602.0,Mitchel,Y,Normal,165500
833,8780,833.0,5,5,1985,1985,3,1,0,5,0,0.0,0.0,Mitchel,Y,Normal,112000
883,7669,828.0,5,6,1992,1993,2,1,0,5,1,2.0,698.0,Mitchel,Y,Normal,149000
1362,14115,796.0,5,5,1993,1995,1,1,1,5,0,2.0,480.0,Mitchel,Y,Normal,143000
1287,10429,624.0,5,5,1992,1992,3,1,1,6,0,2.0,440.0,Mitchel,Y,Normal,130000
1567,9819,1567.0,6,5,1977,1977,2,2,0,5,2,2.0,714.0,Mitchel,Y,Normal,196000
1632,10457,784.0,5,7,1969,1969,4,1,1,7,1,2.0,898.0,Mitchel,Y,Normal,173000
1414,11029,1184.0,6,8,1958,2002,3,1,0,6,1,2.0,601.0,NAmes,Y,Normal,176500
2117,12925,1205.0,6,7,1970,1970,4,2,1,7,2,2.0,550.0,NAmes,Y,Normal,237500
2112,11075,952.0,6,5,1969,1969,4,2,1,9,2,2.0,576.0,NAmes,Y,Normal,206900
1604,8702,926.0,6,5,1997,1998,3,2,1,7,1,2.0,470.0,Gilbert,Y,Normal,187500
1470,8139,680.0,6,5,1995,1996,3,2,1,7,1,2.0,420.0,Gilbert,Y,Normal,165000
1604,9535,926.0,6,5,1998,1998,3,2,1,7,0,2.0,472.0,Gilbert,Y,Normal,195500
1638,9042,943.0,6,5,1998,1998,3,2,1,7,2,2.0,472.0,Gilbert,Y,Normal,192000
1636,15038,916.0,6,5,1996,1996,3,2,1,7,1,2.0,386.0,Gilbert,Y,Normal,173000
1384,14137,1348.0,5,5,1996,1997,3,2,0,7,0,2.0,404.0,Gilbert,Y,Normal,177900
1446,21872,729.0,7,5,1996,1997,3,2,1,6,1,2.0,406.0,Gilbert,Y,Normal,175000
1593,4923,1593.0,8,5,2001,2002,0,1,1,5,1,2.0,682.0,StoneBr,Y,Normal,286000
1682,6264,1664.0,8,5,1997,1997,1,1,1,6,1,2.0,528.0,StoneBr,Y,Normal,247900
1337,5395,1337.0,8,5,1993,1993,2,2,0,5,1,2.0,462.0,StoneBr,Y,Normal,180000
1280,5070,1280.0,8,5,1992,1992,2,2,0,5,0,2.0,506.0,StoneBr,Y,Normal,180000
1604,10839,926.0,6,5,1997,1998,3,2,1,7,1,2.0,470.0,Gilbert,Y,Normal,181000
1633,11184,932.0,6,5,1998,1998,3,2,1,7,1,2.0,460.0,Gilbert,Y,Family,183000
1658,8000,773.0,6,5,1995,1996,3,2,1,8,1,2.0,431.0,Gilbert,Y,Normal,188000
1895,10832,712.0,7,5,1994,1996,3,2,1,7,1,2.0,409.0,Gilbert,Y,Normal,194500
1709,14067,836.0,6,5,1991,1991,3,2,1,7,0,2.0,416.0,Gilbert,Y,Normal,185000
1228,4671,1228.0,8,5,1988,1989,2,2,0,5,1,2.0,472.0,StoneBr,Y,Normal,189000
1337,5950,1337.0,8,5,1989,1989,2,2,0,5,1,2.0,462.0,StoneBr,Y,Normal,188500
2500,13543,1168.0,8,5,2005,2005,5,3,1,9,1,3.0,683.0,StoneBr,Y,Normal,355000
2504,11198,1122.0,9,5,2005,2007,4,2,1,11,1,3.0,656.0,StoneBr,Y,Normal,325000
1884,15401,1884.0,9,5,2004,2004,2,2,0,7,1,3.0,670.0,StoneBr,Y,Normal,387000
1474,31220,1632.0,6,2,1952,1952,3,1,0,7,2,2.0,495.0,Gilbert,Y,Normal,115000
1710,8118,1710.0,9,5,2007,2007,2,2,0,6,1,2.0,557.0,StoneBr,Y,Normal,334000
1488,47280,1488.0,6,5,1950,1950,3,2,1,6,1,2.0,738.0,Gilbert,Y,Family,133000
2093,20544,791.0,7,6,1986,1991,3,2,1,7,1,2.0,542.0,NWAmes,Y,Normal,215000
1688,12680,1675.0,7,6,1988,1988,2,2,0,6,1,2.0,528.0,NWAmes,Y,Normal,226500
1422,12090,1422.0,6,6,1981,1981,3,2,0,7,1,2.0,576.0,NWAmes,Y,Normal,175500
1260,10825,1260.0,7,7,1983,1983,3,2,0,6,0,2.0,598.0,NWAmes,Y,Normal,181900
2064,18559,2048.0,7,5,1978,1978,3,2,0,7,2,2.0,550.0,NWAmes,Y,Normal,235000
1782,14450,1782.0,7,5,1979,1979,3,2,0,6,1,2.0,551.0,NWAmes,Y,Normal,220000
2872,12227,1330.0,6,7,1977,1995,4,2,1,11,1,2.0,619.0,NWAmes,Y,Normal,272000
1211,13068,1211.0,6,5,1976,1976,3,2,0,6,1,2.0,461.0,NWAmes,Y,Normal,161000
1126,15611,1126.0,5,6,1977,1977,3,2,0,6,0,2.0,540.0,NWAmes,Y,Abnorml,175000
2044,10400,738.0,7,6,1980,1988,3,2,1,7,1,2.0,489.0,NWAmes,Y,Normal,185000
1308,9743,720.0,5,6,1969,1969,3,1,1,7,0,2.0,484.0,NWAmes,Y,Normal,146900
2840,12511,1420.0,7,7,1978,1978,4,2,1,8,2,4.0,1314.0,NWAmes,Y,Normal,292500
1523,11361,1193.0,6,5,1976,1976,3,2,0,7,1,2.0,478.0,NWAmes,Y,Abnorml,180000
1444,10400,1444.0,6,5,1976,1976,2,2,0,5,1,2.0,473.0,NWAmes,Y,Normal,159900
1964,10480,803.0,7,6,1976,1976,4,2,1,8,1,2.0,483.0,NWAmes,Y,Normal,205000
1178,10000,1176.0,5,6,1973,2000,3,1,1,5,1,2.0,439.0,NWAmes,Y,Normal,157000
2340,14311,1236.0,8,5,1996,1996,4,2,1,9,1,3.0,787.0,NWAmes,Y,Normal,306000
1792,9000,896.0,5,5,1974,1974,4,2,2,8,0,2.0,480.0,NAmes,Y,Normal,133000
1054,9750,1054.0,6,8,1969,1969,3,1,1,6,0,2.0,460.0,NAmes,Y,Normal,151000
936,10295,936.0,4,6,1969,1969,2,1,0,4,0,1.0,288.0,NAmes,Y,Normal,111900
864,7560,864.0,5,5,1971,1971,3,1,0,5,0,2.0,576.0,NAmes,Y,Normal,123000
864,12735,864.0,4,5,1972,1972,3,1,0,5,0,2.0,576.0,NAmes,Y,Normal,111250
1337,4060,1405.0,6,5,1998,1999,2,2,0,5,0,2.0,511.0,NAmes,Y,Abnorml,181000
987,1680,483.0,6,5,1973,1973,2,1,1,5,0,1.0,264.0,BrDale,Y,Normal,103400
987,1680,483.0,6,5,1973,1973,2,1,1,5,0,1.0,264.0,BrDale,Y,Normal,100000
987,1890,483.0,6,6,1972,1972,2,1,1,5,0,1.0,352.0,BrDale,Y,Normal,100500
987,1869,483.0,6,6,1970,1970,2,1,1,5,0,1.0,280.0,BrDale,Y,Normal,106000
987,1680,483.0,6,5,1971,1971,2,1,1,4,0,1.0,264.0,BrDale,Y,Abnorml,85400
987,1680,483.0,6,3,1971,1971,2,1,1,5,0,1.0,264.0,BrDale,Y,Normal,89500
1302,1680,630.0,5,5,1972,1972,3,2,1,6,0,1.0,264.0,BrDale,Y,Normal,111750
1069,4043,1069.0,6,6,1977,1977,2,2,0,4,0,2.0,440.0,NPkVill,Y,Abnorml,140000
1456,2308,855.0,6,6,1975,1975,4,2,1,7,0,2.0,460.0,NPkVill,Y,Normal,143000
1055,2529,1055.0,7,6,1977,1977,2,2,0,4,0,2.0,440.0,NPkVill,Y,Normal,148500
892,9477,864.0,5,5,1966,1966,3,1,0,5,0,1.0,264.0,NAmes,Y,Normal,110000
1932,12444,1932.0,8,5,2008,2008,2,2,0,7,1,3.0,774.0,NridgHt,Y,Partial,394617
2332,12474,1682.0,10,5,2007,2008,3,2,1,9,1,3.0,846.0,NridgHt,Y,Partial,426000
2084,14803,2078.0,10,5,2007,2008,2,2,0,7,1,3.0,1220.0,NridgHt,Y,Partial,385000
2713,14948,1452.0,9,5,2008,2008,3,2,1,11,1,3.0,858.0,NridgHt,Y,Partial,446261
1582,12704,1582.0,8,5,2007,2007,3,2,0,7,0,3.0,905.0,NridgHt,Y,Partial,317500
1710,13891,1710.0,8,5,2007,2008,2,2,0,6,1,3.0,866.0,NridgHt,Y,Partial,372402
2464,13693,2418.0,8,5,2007,2007,4,2,1,9,1,3.0,650.0,NridgHt,Y,Normal,417500
1950,14418,1950.0,9,5,2007,2007,2,2,0,7,1,3.0,706.0,NridgHt,Y,Normal,383000
2748,13418,1850.0,9,5,2006,2006,4,2,1,9,1,3.0,850.0,NridgHt,Y,Abnorml,390000
2790,12539,1620.0,10,5,2005,2006,4,2,1,10,1,4.0,1150.0,NridgHt,Y,Normal,460000
2331,12151,1414.0,9,5,2005,2005,3,2,1,9,1,3.0,1003.0,NridgHt,Y,Normal,379000
2088,8899,948.0,8,5,2007,2007,4,2,1,10,1,3.0,656.0,NridgHt,Y,Normal,250000
2332,10574,1148.0,8,5,2004,2004,4,2,1,9,1,3.0,756.0,NridgHt,Y,Normal,316000
2470,12720,2535.0,10,5,2003,2003,1,1,1,7,2,3.0,789.0,NridgHt,Y,Normal,615000
2668,13688,1572.0,9,5,2003,2004,3,2,1,10,2,3.0,726.0,NridgHt,Y,Normal,412500
2046,10625,998.0,7,5,2003,2004,3,2,1,8,1,3.0,871.0,NridgHt,Y,Normal,284000
1575,10845,1603.0,8,5,2003,2004,2,2,0,7,1,3.0,732.0,NridgHt,Y,Normal,284000
2649,16900,1479.0,8,5,2001,2002,4,2,1,10,1,3.0,746.0,NridgHt,Y,Normal,421250
2690,16451,1765.0,8,5,2003,2003,4,2,1,9,1,3.0,795.0,NridgHt,Y,Normal,370000
1866,10110,1858.0,9,5,2008,2008,2,2,0,7,1,3.0,870.0,NridgHt,Y,Partial,336860
1702,8769,1702.0,9,5,2008,2008,1,1,1,7,1,3.0,1052.0,NridgHt,Y,Partial,367294
1367,12304,1367.0,7,5,2005,2005,2,2,0,6,1,2.0,484.0,NridgHt,Y,Normal,192000
1518,12677,1518.0,8,5,2003,2004,1,1,1,6,1,2.0,588.0,NridgHt,Y,Normal,274000
1684,8849,1684.0,9,5,2005,2005,2,2,0,6,1,2.0,564.0,NridgHt,Y,Normal,266000
1800,8232,1800.0,9,5,2007,2008,2,2,0,6,1,3.0,944.0,NridgHt,Y,Partial,370967
1342,6240,1342.0,8,5,2006,2007,2,2,0,6,1,2.0,550.0,NridgHt,Y,Normal,234250
1342,6240,1342.0,8,5,2006,2007,2,2,0,6,1,2.0,550.0,NridgHt,Y,Normal,219500
1626,2448,764.0,7,5,2003,2004,2,2,1,6,0,2.0,474.0,NridgHt,Y,Normal,155000
1626,2448,764.0,7,5,2003,2004,2,2,1,6,0,2.0,474.0,NridgHt,Y,Normal,154000
1358,8198,1358.0,7,5,2004,2004,2,2,0,6,1,2.0,484.0,NridgHt,Y,Normal,207000
1455,3940,1415.0,7,5,2003,2003,2,2,0,6,1,3.0,644.0,Blmngtn,Y,Normal,195000
1576,3940,1393.0,7,5,2004,2004,2,2,0,7,1,3.0,668.0,Blmngtn,Y,Normal,219990
1504,3182,1346.0,7,5,2005,2006,2,2,0,7,1,2.0,437.0,Blmngtn,Y,Normal,191000
1266,3182,1266.0,7,5,2007,2007,2,2,0,6,1,2.0,388.0,Blmngtn,Y,Normal,159895
1246,3710,1146.0,7,5,2007,2008,2,2,0,5,1,2.0,428.0,Blmngtn,Y,Partial,187687
1515,9024,789.0,6,5,2004,2004,3,2,1,8,1,2.0,393.0,Gilbert,Y,Normal,179000
1593,7415,839.0,6,5,2004,2004,3,2,1,8,1,2.0,398.0,Gilbert,Y,Normal,193000
1166,9587,856.0,7,5,2005,2005,2,2,0,5,0,2.0,400.0,Gilbert,Y,Normal,190000
1456,8029,728.0,6,5,2005,2005,3,2,1,8,0,2.0,400.0,Gilbert,Y,Normal,176000
1720,8010,840.0,7,5,2002,2003,3,2,1,7,1,2.0,400.0,Gilbert,Y,Normal,188000
1986,8396,847.0,7,5,2003,2003,4,2,1,9,1,2.0,434.0,Gilbert,Y,Normal,213000
1358,7301,1350.0,7,6,2007,2008,2,2,0,6,1,2.0,484.0,NridgHt,Y,Partial,217300
1792,10261,936.0,6,5,2000,2000,3,2,1,8,1,2.0,451.0,Gilbert,Y,Normal,186500
1892,8220,982.0,7,5,2000,2001,3,2,1,8,1,2.0,431.0,Gilbert,Y,Normal,226750
1490,15384,788.0,7,5,2004,2005,3,2,1,8,1,2.0,388.0,Gilbert,Y,Normal,184000
1414,7750,707.0,7,5,2002,2002,3,2,1,6,1,2.0,403.0,Gilbert,Y,Normal,176000
2322,12460,1037.0,7,5,1999,2000,4,2,1,8,1,2.0,400.0,Gilbert,Y,Normal,225000
1651,8390,831.0,7,5,1999,1999,3,2,1,7,1,2.0,450.0,Gilbert,Y,Normal,185900
2199,9660,1173.0,8,5,1997,1997,3,2,1,9,1,2.0,516.0,NoRidge,Y,Normal,284500
2630,9200,1470.0,8,5,1998,1998,4,2,1,8,1,3.0,696.0,NoRidge,Y,Normal,315000
2198,14260,1145.0,8,5,2000,2000,4,2,1,9,1,3.0,836.0,NoRidge,Y,Normal,250000
2172,11000,1519.0,9,5,2000,2000,4,2,1,8,1,3.0,687.0,NoRidge,Y,Normal,291000
2006,11675,1982.0,8,5,1998,1998,2,2,0,5,1,3.0,938.0,NoRidge,Y,Normal,350000
2125,10990,1064.0,7,5,1996,1997,4,2,1,12,2,2.0,576.0,NoRidge,Y,Normal,279500
2501,11929,1242.0,8,7,1995,1995,4,2,1,9,1,3.0,751.0,NoRidge,Y,Normal,290000
2113,10437,2109.0,8,6,1995,1995,2,2,1,7,1,3.0,839.0,NoRidge,Y,Normal,350000
2418,10542,1311.0,7,5,1993,1994,3,2,1,9,1,3.0,983.0,NoRidge,Y,Normal,341000
2197,10010,1080.0,7,5,1993,1994,4,2,1,9,1,3.0,783.0,NoRidge,Y,Normal,287500
2127,10944,1223.0,7,5,1994,1994,3,2,1,5,2,2.0,525.0,NoRidge,Y,Normal,271000
1987,14303,1986.0,8,5,1994,1994,2,2,0,7,1,2.0,691.0,NoRidge,Y,Normal,301500
1580,11932,1580.0,8,5,2007,2008,3,2,0,7,0,3.0,830.0,Somerst,Y,Partial,235128
1933,14598,894.0,6,5,2007,2007,4,2,1,9,1,3.0,668.0,Somerst,Y,Normal,214000
1574,11957,1574.0,8,5,2006,2006,3,2,0,7,1,3.0,824.0,Somerst,Y,Normal,232000
1578,13253,1578.0,7,5,2006,2006,3,2,0,7,1,3.0,642.0,Somerst,Y,Normal,240000
1506,14587,1498.0,9,5,2008,2008,2,2,0,6,1,2.0,592.0,Somerst,Y,Partial,264132
1563,10206,1563.0,8,5,2007,2007,3,2,0,6,1,3.0,758.0,Somerst,Y,Normal,245000
1428,12274,1417.0,7,5,2008,2008,3,2,0,6,0,2.0,554.0,Somerst,Y,Partial,227680
1861,9801,1341.0,8,5,2007,2007,3,3,0,7,1,3.0,851.0,Somerst,Y,Normal,257000
1874,9428,955.0,8,5,2007,2008,3,2,1,8,1,3.0,880.0,Somerst,Y,Partial,297900
1460,10037,1460.0,8,5,2006,2007,3,2,0,6,1,2.0,480.0,Somerst,Y,Normal,247000
1372,8640,1363.0,8,5,2007,2008,3,2,0,6,0,2.0,588.0,Somerst,Y,Partial,212700
1372,8640,1372.0,7,5,2007,2008,3,2,0,6,0,2.0,529.0,Somerst,Y,Partial,250580
1428,11639,1428.0,7,5,2007,2008,3,2,0,6,0,2.0,480.0,Somerst,Y,Partial,182000
1768,9803,866.0,7,5,2005,2005,3,2,1,7,0,2.0,603.0,Somerst,Y,Normal,226700
1992,9375,1053.0,8,5,2003,2004,3,2,1,9,1,2.0,648.0,Somerst,Y,Normal,250000
1958,10625,1026.0,7,5,2005,2005,3,2,1,9,1,3.0,936.0,Somerst,Y,Normal,250000
2078,10800,1034.0,8,5,2007,2008,3,2,1,8,1,3.0,836.0,Somerst,Y,Partial,339750
1665,8125,813.0,7,6,2007,2007,3,2,1,7,0,2.0,562.0,Somerst,Y,Normal,205950
1660,10625,1660.0,8,5,2007,2007,3,2,0,7,1,3.0,660.0,Somerst,Y,Normal,256000
1218,7500,1218.0,7,5,2007,2008,2,2,0,6,0,2.0,462.0,Somerst,Y,Partial,230348
1728,8791,864.0,6,5,2003,2003,3,2,1,7,0,2.0,673.0,Somerst,Y,Normal,207500
1080,7500,1080.0,7,5,2004,2005,3,1,0,6,0,0.0,0.0,SawyerW,Y,Normal,141000
1696,10110,835.0,6,5,2003,2003,3,2,1,7,0,2.0,542.0,SawyerW,Y,Normal,188000
1663,12774,835.0,7,5,2003,2004,3,2,1,8,0,2.0,478.0,SawyerW,Y,Normal,192500
1175,13072,1175.0,6,5,2005,2006,3,1,0,6,0,0.0,0.0,SawyerW,Y,Normal,146000
1114,13695,1114.0,5,5,2004,2004,3,1,1,6,0,2.0,576.0,SawyerW,Y,Normal,159000
1114,13695,1114.0,6,5,2003,2004,3,1,0,6,0,2.0,576.0,SawyerW,Y,Normal,155000
1640,8366,798.0,6,5,2004,2004,3,2,1,6,0,2.0,520.0,SawyerW,Y,Normal,173000
1162,9260,1162.0,7,5,2007,2007,3,2,0,6,0,2.0,483.0,SawyerW,Y,Normal,170000
1609,8453,754.0,6,5,1995,1995,3,2,1,6,0,2.0,525.0,SawyerW,Y,Normal,182000
1680,8480,886.0,6,5,1993,1994,3,2,1,7,0,2.0,474.0,SawyerW,Y,Normal,163000
1679,8125,1408.0,6,5,1994,1998,3,2,0,7,1,2.0,575.0,SawyerW,Y,Normal,193500
1657,14565,832.0,7,5,1994,1995,3,2,1,6,0,2.0,483.0,SawyerW,Y,Normal,189000
1677,8450,827.0,6,5,2001,2001,3,2,1,7,0,2.0,627.0,SawyerW,Y,Normal,190500
1737,8285,836.0,7,5,1992,1992,3,2,1,7,0,2.0,506.0,SawyerW,Y,Normal,175000
1294,7153,1278.0,6,5,1991,1991,3,2,0,6,0,2.0,496.0,SawyerW,Y,Normal,179200
1710,9291,832.0,6,5,1993,1993,3,2,1,7,0,2.0,506.0,SawyerW,Y,Normal,187000
1617,8012,1604.0,6,5,1993,1994,2,2,0,5,1,2.0,533.0,SawyerW,Y,Normal,193000
1199,7892,1199.0,6,5,1993,1993,2,2,0,5,0,2.0,530.0,SawyerW,Y,Normal,153900
984,9100,984.0,5,5,1963,1963,3,1,0,5,1,1.0,384.0,Sawyer,Y,Normal,128000
912,12968,912.0,5,6,1962,1962,2,1,0,4,0,1.0,352.0,Sawyer,Y,Normal,144000
864,8100,864.0,5,8,1961,2007,3,1,0,5,1,1.0,420.0,Sawyer,Y,Normal,135000
890,8450,890.0,5,5,1968,1968,3,1,0,5,0,1.0,308.0,Sawyer,N,Normal,115000
864,6360,864.0,5,5,1963,1963,3,1,0,5,0,1.0,276.0,Sawyer,Y,Abnorml,119916
912,6768,912.0,6,8,1961,1996,3,1,0,5,0,1.0,288.0,Sawyer,Y,Normal,142000
1430,19508,1430.0,6,5,1974,1974,3,2,0,6,2,2.0,484.0,Veenker,Y,Normal,192000
1641,10759,1001.0,5,4,1972,1972,4,2,0,5,1,2.0,490.0,Sawyer,Y,Normal,140000
2683,9205,930.0,6,5,1990,1991,4,2,1,9,2,2.0,473.0,NoRidge,Y,Normal,290000
2786,11025,1848.0,9,5,1993,1994,4,2,1,10,1,2.0,636.0,NoRidge,Y,Normal,372500
1391,4282,1391.0,7,5,2004,2004,2,2,0,5,0,2.0,530.0,Somerst,Y,Normal,196000
1250,4017,625.0,7,5,2006,2007,2,2,1,5,0,2.0,625.0,Somerst,Y,Normal,171900
1245,3435,1235.0,7,5,2004,2005,1,2,0,5,0,2.0,495.0,Somerst,Y,Normal,178000
1200,3180,600.0,6,5,2005,2005,2,2,1,5,0,2.0,480.0,Somerst,Y,Normal,165000
1392,3180,689.0,7,5,2007,2007,2,2,0,5,0,2.0,540.0,Somerst,Y,Abnorml,146000
1392,3604,689.0,7,5,2007,2007,2,2,0,5,0,2.0,540.0,Somerst,Y,Abnorml,146000
1501,2280,744.0,7,5,1999,1999,3,2,1,6,0,2.0,440.0,Somerst,Y,Normal,179400
1549,2280,744.0,6,5,1999,1999,3,2,1,6,0,2.0,440.0,Somerst,Y,Normal,172900
1638,4765,1614.0,9,5,2000,2000,2,2,0,5,1,2.0,495.0,Somerst,Y,Normal,300000
1310,4538,1310.0,9,5,2001,2001,1,1,1,5,1,2.0,545.0,Somerst,Y,Normal,285000
1419,4385,1419.0,9,5,2001,2001,2,1,1,5,1,2.0,588.0,Somerst,Y,Normal,290000
1557,4109,1557.0,9,5,1999,2000,2,2,0,5,1,2.0,484.0,Somerst,Y,Normal,305000
1709,5119,1698.0,9,5,1999,2000,2,2,0,5,1,2.0,506.0,Somerst,Y,Abnorml,328900
1252,2160,600.0,7,5,1999,2000,2,2,1,4,0,2.0,462.0,Somerst,Y,Normal,160000
1404,2160,672.0,7,5,1999,2000,3,2,1,5,0,2.0,462.0,Somerst,Y,Normal,170000
1789,10646,858.0,7,5,2001,2001,3,2,1,7,1,2.0,546.0,Somerst,Y,Normal,223000
1586,2645,960.0,8,5,1999,1999,3,2,1,7,0,2.0,480.0,Somerst,Y,Normal,170000
1607,2645,960.0,8,5,1999,2000,3,2,1,7,0,2.0,480.0,Somerst,Y,Normal,200000
2393,3951,970.0,10,5,1998,1999,2,2,1,7,1,2.0,846.0,Somerst,Y,Normal,345000
1288,14963,1260.0,8,5,1996,1996,1,1,1,4,2,2.0,500.0,Veenker,Y,Normal,245500
1239,11064,1230.0,8,5,1995,1995,1,1,1,4,1,2.0,477.0,Veenker,Y,Normal,217500
1719,10846,1719.0,8,5,1993,1993,1,1,1,6,2,2.0,473.0,Veenker,Y,Normal,324000
1232,11120,1232.0,6,6,1984,1984,3,2,0,6,0,2.0,516.0,Veenker,Y,Normal,162500
2944,24572,994.0,9,3,1977,1977,3,2,2,9,1,3.0,864.0,Veenker,Y,Family,150000
1671,16280,1426.0,8,9,1976,2007,3,3,0,6,1,2.0,550.0,Veenker,Y,Normal,290000
1812,7500,952.0,7,5,2002,2002,3,2,1,7,1,2.0,469.0,Somerst,Y,Normal,205000
1682,10400,1304.0,7,6,1970,1970,3,2,0,7,1,2.0,530.0,NWAmes,Y,Normal,174000
1427,11104,1427.0,6,6,1969,1969,4,2,0,7,0,2.0,516.0,NWAmes,Y,Normal,183000
1740,11050,1740.0,6,5,1968,1968,4,1,1,8,1,2.0,512.0,NWAmes,Y,Family,150000
1258,11040,1258.0,6,7,1971,2004,3,2,0,5,0,2.0,528.0,NWAmes,Y,Abnorml,145000
1620,15387,1620.0,7,7,1967,1967,4,2,0,8,1,2.0,578.0,NWAmes,Y,Normal,215000
1625,9750,1625.0,5,6,1965,1965,4,2,0,8,0,2.0,484.0,NWAmes,Y,Normal,140500
2614,10800,1522.0,6,7,1974,1997,4,2,1,9,1,2.0,624.0,NWAmes,Y,Normal,240000
1464,8814,732.0,5,6,1968,1968,4,1,1,7,0,2.0,470.0,NAmes,Y,Normal,141000
912,8872,912.0,5,8,1965,2008,2,1,0,5,0,2.0,576.0,NAmes,Y,Normal,147000
925,8125,912.0,5,7,1965,2005,3,1,0,5,0,2.0,576.0,NAmes,Y,Normal,135000
1728,11072,1728.0,5,5,1965,1965,6,2,0,10,0,2.0,576.0,NAmes,Y,Normal,145000
1728,13101,1728.0,5,5,1965,1965,6,2,0,10,0,2.0,576.0,NAmes,Y,Normal,142600
1656,9246,1656.0,5,5,1973,1973,4,2,0,8,0,2.0,506.0,NWAmes,Y,Normal,135000
1670,13355,825.0,7,6,1971,1971,4,1,1,7,0,2.0,464.0,NWAmes,Y,Normal,170000
2715,8963,1142.0,8,9,1976,1996,4,3,1,11,2,2.0,831.0,NWAmes,Y,Normal,299800
1876,9120,901.0,6,6,1974,1974,4,2,1,8,1,2.0,540.0,NWAmes,Y,Normal,185000
1632,9130,800.0,6,8,1966,2000,4,1,1,7,0,2.0,484.0,NWAmes,Y,Normal,173000
999,12122,944.0,7,9,1961,2007,3,1,0,6,0,2.0,588.0,NAmes,Y,Normal,178400
1978,9900,832.0,7,5,1968,1968,4,2,1,9,1,2.0,486.0,NWAmes,Y,Normal,176000
1014,7785,0.0,5,5,1956,1956,2,1,0,6,0,1.0,267.0,NAmes,Y,Normal,98000
907,8593,907.0,4,6,1957,1957,3,1,0,5,0,1.0,352.0,NAmes,Y,Normal,109008
952,8475,952.0,4,7,1956,1956,2,1,0,4,0,1.0,283.0,NAmes,Y,Normal,135750
1128,8700,1120.0,5,6,1963,1963,3,2,0,6,0,2.0,525.0,NAmes,Y,Normal,155000
1425,10175,1425.0,6,5,1964,1964,3,2,0,7,1,2.0,576.0,NAmes,Y,Normal,180500
1165,9020,1127.0,6,7,1966,1966,3,1,1,6,0,2.0,490.0,NAmes,Y,Normal,174900
1136,9200,1136.0,6,6,1965,1965,3,1,0,5,1,1.0,384.0,NAmes,Y,Normal,140000
1092,8250,1092.0,6,7,1964,1964,3,1,0,6,0,2.0,504.0,NAmes,Y,Normal,145000
1265,9350,1219.0,5,8,1965,1999,3,2,0,6,1,2.0,502.0,NAmes,Y,Normal,179900
1350,9020,1248.0,6,5,1964,1964,3,1,1,6,0,2.0,520.0,NAmes,Y,Normal,168500
1114,9900,1114.0,5,5,1961,1961,3,1,0,5,0,2.0,451.0,NAmes,Y,Abnorml,140000
1053,10007,1053.0,5,7,1959,2006,3,1,1,5,0,1.0,312.0,NAmes,Y,Normal,145500
1252,10721,1252.0,6,6,1959,1959,3,1,0,7,0,2.0,528.0,NAmes,Y,Normal,142000
1100,12493,1100.0,4,5,1960,1960,3,1,0,6,1,1.0,312.0,NAmes,Y,Normal,141000
1118,11332,1118.0,5,7,1960,2000,3,1,0,6,0,1.0,264.0,NAmes,Y,Normal,153000
720,6627,0.0,3,6,1949,1950,2,1,0,4,0,1.0,287.0,BrkSide,N,Normal,72500
729,4130,270.0,3,6,1935,2003,2,1,0,5,0,0.0,0.0,BrkSide,Y,Normal,52000
1077,7420,991.0,5,6,1939,1950,2,1,0,5,2,1.0,205.0,BrkSide,Y,Normal,118000
906,4882,348.0,4,7,1937,1950,2,1,0,5,0,1.0,231.0,BrkSide,Y,Normal,87000
1496,9600,1296.0,5,6,1960,1960,3,2,0,6,0,2.0,450.0,NAmes,Y,Normal,141500
1252,9600,1032.0,6,5,1950,1950,3,1,0,6,0,1.0,288.0,NAmes,Y,Abnorml,119000
1337,9600,572.0,5,8,1950,2006,3,1,0,7,1,1.0,264.0,NAmes,Y,Normal,141500
1661,9600,992.0,6,6,1955,1996,3,1,0,8,1,1.0,377.0,NAmes,Y,Normal,165500
1036,7584,1036.0,5,5,1953,1953,3,1,0,5,0,1.0,312.0,NAmes,Y,Normal,112900
1820,13700,864.0,7,6,1965,1988,4,1,2,8,2,2.0,492.0,NAmes,Y,Normal,201800
1362,10197,1362.0,6,5,1961,1961,3,1,1,6,1,2.0,504.0,NAmes,Y,Normal,163000
1144,7875,1144.0,5,6,1961,1961,3,1,0,6,0,2.0,456.0,NAmes,Y,Normal,139950
1537,8400,1319.0,6,9,1962,2005,3,1,1,7,1,2.0,462.0,NAmes,Y,Abnorml,174000
1431,9150,1099.0,6,5,1962,1962,3,1,0,6,1,1.0,296.0,NAmes,Y,Normal,165000
1988,14670,1104.0,6,7,1966,1999,4,2,1,9,1,2.0,480.0,NAmes,Y,Normal,227000
1098,7390,1098.0,5,7,1955,1955,3,1,0,6,0,1.0,260.0,NAmes,Y,Normal,135000
1144,9204,1144.0,5,5,1963,1963,3,1,1,6,0,1.0,336.0,NAmes,Y,Normal,124000
1283,7763,931.0,5,7,1962,1980,3,1,0,6,0,2.0,506.0,NAmes,Y,Normal,140000
1176,8856,1176.0,5,4,1957,1957,3,1,0,6,2,1.0,292.0,NAmes,Y,Normal,136500
1440,9840,1248.0,5,7,1959,1998,2,2,0,7,0,1.0,480.0,NAmes,Y,Normal,185000
1261,9120,1261.0,6,6,1958,1958,3,1,0,6,1,2.0,433.0,NAmes,Y,Normal,163000
1570,13200,1395.0,6,6,1958,1958,3,1,0,5,1,2.0,441.0,NAmes,Y,Normal,166800
1196,9000,1196.0,6,5,1956,1956,2,1,0,6,1,1.0,297.0,NAmes,Y,Normal,139000
1392,11900,1392.0,6,5,1957,1957,3,1,1,6,2,2.0,458.0,NAmes,Y,Normal,166000
1080,9464,1080.0,6,7,1958,1958,3,1,0,5,0,1.0,288.0,NAmes,Y,Normal,136000
1104,10425,1104.0,5,5,1956,1958,3,1,0,5,0,1.0,384.0,NAmes,Y,Normal,133000
882,11556,720.0,5,6,1952,1952,2,1,0,4,0,1.0,240.0,NAmes,Y,Normal,116000
1152,9373,1152.0,5,6,1953,1953,3,1,1,6,0,2.0,636.0,NAmes,Y,Normal,137500
950,12774,984.0,5,5,1953,1953,2,1,0,5,0,2.0,400.0,NAmes,N,Normal,130000
1790,14250,998.0,6,5,1957,1957,3,2,0,6,2,2.0,540.0,NAmes,Y,Normal,180000
952,7350,952.0,5,7,1951,1951,2,1,0,4,0,2.0,840.0,NAmes,Y,Abnorml,139000
773,7677,773.0,5,5,1953,1953,2,1,0,4,0,1.0,240.0,NAmes,Y,Abnorml,110000
1764,8838,0.0,5,3,1957,1982,4,2,1,7,1,1.0,301.0,NAmes,Y,Normal,100000
1216,8480,832.0,5,5,1947,1950,2,1,0,6,0,1.0,336.0,NAmes,Y,Abnorml,118500
1824,12436,1824.0,5,5,1957,1957,5,2,0,9,0,2.0,484.0,NAmes,Y,Normal,146000
869,10122,0.0,4,6,1948,1950,1,1,0,3,0,1.0,390.0,OldTown,N,Normal,89900
1159,7506,747.0,5,8,1925,1950,3,1,0,5,0,1.0,288.0,OldTown,Y,Normal,114000
1558,10930,913.0,5,6,1945,1950,3,1,1,6,1,1.0,288.0,NAmes,Y,Normal,140000
672,5400,672.0,4,7,1940,2005,2,1,0,4,0,1.0,308.0,OldTown,Y,Normal,86900
1436,10836,892.0,5,5,1922,1950,3,1,0,7,1,4.0,1488.0,OldTown,Y,Normal,139000
1294,10800,0.0,4,7,1900,2000,3,2,0,7,0,0.0,0.0,OldTown,N,Normal,106250
1716,9247,858.0,6,6,1962,1962,4,1,1,8,1,2.0,490.0,NAmes,Y,Normal,171000
1044,10180,912.0,5,6,1968,1968,3,1,1,5,1,2.0,372.0,NAmes,Y,Normal,139000
1312,11355,1312.0,7,7,1958,2001,3,1,1,6,1,2.0,495.0,NAmes,Y,Normal,186000
1253,10920,1253.0,6,5,1960,1960,2,1,1,5,1,1.0,352.0,NAmes,Y,Normal,157000
1081,12929,1081.0,6,6,1960,1993,3,1,0,5,0,1.0,401.0,NAmes,Y,Normal,148000
2069,27650,585.0,7,7,1960,2007,4,2,0,9,1,2.0,505.0,NAmes,Y,Normal,242000
910,8892,105.0,5,7,1953,1996,3,1,0,5,0,2.0,414.0,NAmes,Y,Normal,116000
876,7200,876.0,5,7,1951,1951,2,1,0,5,1,2.0,576.0,NAmes,Y,Abnorml,94000
1048,7200,0.0,5,5,1950,1950,3,1,0,7,0,2.0,420.0,NAmes,Y,Normal,98300
1507,7910,1075.0,5,5,1960,1960,4,2,0,7,0,1.0,404.0,NAmes,Y,Normal,127000
1256,8000,1256.0,5,6,1959,1959,3,1,1,6,0,1.0,311.0,NAmes,Y,Normal,159000
1027,8000,1027.0,5,5,1962,1962,3,1,0,6,0,1.0,299.0,NAmes,Y,Normal,125900
1269,7931,1269.0,5,6,1960,1960,3,1,1,6,1,1.0,308.0,NAmes,Y,Normal,155000
1320,8064,768.0,6,6,1948,1950,3,2,0,5,0,2.0,576.0,NAmes,Y,Normal,138000
984,6390,936.0,6,7,1954,1954,2,1,0,4,0,1.0,280.0,NAmes,Y,Normal,112500
832,7227,832.0,6,6,1954,1954,2,1,0,4,0,2.0,528.0,NAmes,Y,Normal,105500
1278,7200,854.0,6,5,1954,1954,4,1,0,6,0,1.0,240.0,NAmes,Y,Normal,127500
1800,8513,1800.0,5,5,1961,1961,6,2,0,10,0,0.0,0.0,NAmes,N,Abnorml,130000
1588,7200,768.0,5,6,1955,1967,3,1,1,6,0,2.0,480.0,NAmes,Y,Normal,150000
825,7200,825.0,5,7,1954,1954,2,1,0,4,0,1.0,350.0,NAmes,Y,Normal,109500
1796,7056,780.0,6,5,1963,1963,4,1,1,8,1,2.0,483.0,NAmes,Y,Normal,140000
1611,9760,780.0,6,6,1964,1964,4,1,1,7,0,2.0,442.0,NAmes,Y,Normal,167900
1117,7590,1117.0,5,5,1963,1963,3,1,0,6,0,1.0,264.0,NAmes,Y,Normal,136870
1133,9836,192.0,6,5,2008,2008,3,1,0,7,0,1.0,308.0,OldTown,N,Abnorml,143000
764,5232,680.0,5,5,1925,2004,2,1,0,4,0,2.0,504.0,OldTown,N,Normal,73000
1539,10440,650.0,5,8,1904,2002,3,2,0,8,1,2.0,686.0,OldTown,Y,Normal,157500
1323,9184,780.0,5,7,1948,2005,3,1,0,6,0,2.0,400.0,OldTown,Y,Normal,122600
1360,4800,680.0,5,5,1910,2003,2,1,0,6,0,1.0,330.0,OldTown,N,Normal,111000
2792,10440,1510.0,6,7,1920,1950,5,2,0,8,2,2.0,520.0,OldTown,Y,Normal,256000
672,4800,672.0,5,4,1940,1950,2,1,0,4,0,1.0,256.0,OldTown,Y,Normal,64000
1456,6000,728.0,6,7,1915,2005,4,1,1,7,0,1.0,308.0,OldTown,Y,Normal,139500
1594,11426,828.0,4,6,1910,1996,3,2,0,9,0,0.0,0.0,OldTown,Y,Normal,118000
2082,11426,1362.0,7,5,2003,2003,3,2,1,6,0,2.0,484.0,OldTown,Y,Normal,200000
1656,7628,801.0,4,6,1940,1985,2,2,0,8,0,2.0,440.0,OldTown,Y,Normal,119164
1740,7308,936.0,5,5,1920,1950,2,1,0,6,1,1.0,225.0,OldTown,N,Normal,122250
1027,5400,931.0,7,6,1920,2006,2,1,0,5,1,0.0,0.0,OldTown,Y,Normal,120000
1436,10800,884.0,6,6,1940,1950,3,2,0,8,2,2.0,828.0,OldTown,Y,Normal,155000
899,6756,481.0,5,6,1910,1950,2,1,0,5,0,1.0,200.0,OldTown,N,Normal,78000
1080,5914,684.0,5,9,1890,1996,3,1,0,5,0,0.0,0.0,OldTown,Y,Normal,95000
789,6000,789.0,5,5,1948,1950,2,1,0,5,0,1.0,250.0,OldTown,Y,Partial,115000
1122,12000,924.0,5,7,1948,2005,2,1,0,6,0,2.0,528.0,OldTown,Y,Normal,147000
1499,9000,904.0,5,6,1946,1950,3,1,0,5,1,3.0,869.0,OldTown,Y,Normal,140000
407,7311,407.0,2,5,1946,1950,1,1,0,3,0,1.0,297.0,OldTown,N,Abnorml,46500
928,6000,928.0,5,6,1957,1957,3,1,0,5,0,1.0,288.0,OldTown,Y,Normal,112500
901,6000,901.0,4,7,1954,2000,2,1,0,4,0,1.0,281.0,OldTown,Y,Normal,107900
1588,12205,448.0,3,1,1949,1992,5,2,0,6,0,0.0,0.0,OldTown,Y,Abnorml,65000
3493,18386,1470.0,7,9,1880,2002,3,3,0,10,1,3.0,870.0,OldTown,Y,Normal,295000
1627,9142,797.0,5,5,1900,2006,4,2,0,10,0,2.0,420.0,OldTown,N,Normal,139500
1416,12665,876.0,5,8,1915,1950,4,1,1,7,1,3.0,720.0,OldTown,Y,Normal,153900
1450,5350,624.0,7,8,1920,1965,3,1,0,7,0,1.0,288.0,OldTown,Y,Normal,132000
1344,4571,624.0,5,5,1916,1950,4,1,0,7,0,3.0,513.0,OldTown,N,Abnorml,98000
1017,9143,346.0,5,7,1900,2003,2,1,0,5,0,1.0,308.0,OldTown,Y,Normal,114000
2350,9600,973.0,5,5,1920,1960,4,2,0,10,0,2.0,393.0,OldTown,Y,Normal,130000
2058,9600,735.0,6,5,1917,1950,3,1,1,8,1,2.0,396.0,OldTown,N,Normal,129500
1540,6000,572.0,5,9,1905,2005,3,1,1,7,0,0.0,0.0,OldTown,Y,Normal,129400
1378,9600,689.0,7,9,1928,2005,3,2,0,7,1,2.0,360.0,OldTown,Y,Normal,161000
1912,10800,482.0,6,7,1905,2000,3,2,0,7,1,2.0,672.0,OldTown,N,Normal,163000
1484,6300,742.0,6,6,1914,2001,3,2,0,9,1,0.0,0.0,OldTown,Y,Normal,128000
2358,5250,684.0,8,5,1872,1987,4,2,0,8,0,0.0,0.0,OldTown,N,Normal,122000
1111,5700,572.0,7,7,1926,1950,2,1,0,5,1,1.0,288.0,OldTown,Y,Normal,116900
2775,13500,1237.0,10,9,1893,2000,3,3,1,9,1,2.0,880.0,OldTown,Y,Normal,325000
1086,11340,723.0,2,1,1920,1950,2,1,0,5,0,2.0,400.0,OldTown,N,Normal,55000
2495,10800,1313.0,7,7,1890,1999,5,2,0,10,1,2.0,342.0,OldTown,Y,Normal,184000
984,9750,984.0,5,6,1959,1959,2,1,0,5,0,1.0,308.0,OldTown,Y,Normal,110000
1795,12150,1050.0,5,5,1954,1954,4,2,0,7,0,1.0,352.0,OldTown,N,Normal,131500
882,12702,0.0,5,5,1956,1956,2,1,0,4,0,1.0,308.0,OldTown,Y,Normal,97000
1093,8516,869.0,4,6,1958,2006,2,1,0,5,0,1.0,308.0,OldTown,Y,Normal,115500
1143,7111,1008.0,5,7,1928,1983,2,1,0,5,1,1.0,288.0,BrkSide,Y,Normal,138000
1668,7425,672.0,7,7,1945,1950,3,1,1,8,0,1.0,252.0,BrkSide,Y,Abnorml,108000
935,9100,742.0,5,6,1930,1960,2,1,0,4,0,1.0,308.0,BrkSide,Y,Normal,79500
1738,7010,1024.0,5,5,1935,1950,3,2,0,6,1,1.0,240.0,BrkSide,Y,Normal,153000
784,6130,784.0,5,6,1924,1950,2,1,0,5,0,0.0,0.0,BrkSide,Y,Normal,109500
1210,5000,672.0,5,7,1941,2006,3,1,0,6,0,1.0,240.0,BrkSide,Y,Normal,124000
1290,5870,554.0,6,9,1900,2000,3,1,1,6,0,1.0,200.0,BrkSide,Y,Normal,106900
1672,6000,981.0,6,7,1940,1989,3,1,1,6,1,1.0,240.0,BrkSide,Y,Normal,164900
949,6000,949.0,5,7,1924,2003,2,1,0,5,1,2.0,370.0,BrkSide,Y,Normal,119000
1158,6000,862.0,6,7,1929,1950,3,1,0,5,1,1.0,208.0,BrkSide,Y,Normal,120000
1497,6000,825.0,6,7,1937,2000,3,2,0,5,0,1.0,672.0,BrkSide,Y,Normal,157000
1342,6000,739.0,6,5,1939,1950,2,2,0,7,1,1.0,240.0,BrkSide,Y,Normal,105000
1013,5000,992.0,6,7,1926,1950,3,1,0,6,0,1.0,160.0,BrkSide,Y,Normal,113000
1216,5520,565.0,5,7,1920,1997,3,1,0,6,1,1.0,355.0,BrkSide,Y,Normal,115000
896,5940,,4,7,1946,1950,2,1,0,4,0,1.0,280.0,BrkSide,Y,Abnorml,79000
1136,6240,704.0,4,7,1929,1950,2,1,0,6,0,1.0,336.0,BrkSide,Y,Normal,123000
808,6120,0.0,5,6,1945,1995,1,1,0,6,0,1.0,164.0,BrkSide,N,Normal,81300
1573,6240,1078.0,5,7,1930,1992,3,2,0,8,1,2.0,360.0,BrkSide,Y,Normal,162900
2009,6240,989.0,7,5,1939,1950,4,2,0,7,1,2.0,400.0,BrkSide,Y,Normal,150000
1902,6120,1100.0,5,5,1923,1950,4,2,0,7,0,2.0,576.0,OldTown,Y,Normal,123500
1774,6120,952.0,7,5,1931,1950,2,2,0,8,2,2.0,468.0,OldTown,Y,Abnorml,129900
1362,6155,611.0,6,8,1920,1999,3,2,0,6,0,2.0,502.0,BrkSide,Y,Normal,128000
520,6324,520.0,4,6,1927,1950,1,1,0,4,0,1.0,240.0,BrkSide,N,Normal,68500
1285,8635,672.0,5,5,1948,2001,2,1,0,6,0,1.0,240.0,BrkSide,Y,Normal,127000
1848,13053,833.0,6,7,1923,2000,4,1,1,8,1,2.0,370.0,BrkSide,Y,Normal,207000
1820,9120,1026.0,7,6,1925,1950,4,2,0,8,0,1.0,240.0,BrkSide,Y,Normal,184000
1716,9144,810.0,6,4,1915,2004,4,2,0,8,0,2.0,672.0,BrkSide,Y,Normal,162500
1505,9144,883.0,5,5,1940,1982,3,1,0,8,0,1.0,240.0,BrkSide,Y,Normal,145000
838,10267,816.0,6,7,1918,2000,2,1,0,5,0,1.0,275.0,BrkSide,Y,Normal,130000
1984,8094,1242.0,6,8,1910,1983,5,2,0,8,0,1.0,360.0,OldTown,Y,Normal,160000
1666,5100,588.0,8,7,1925,1996,3,1,0,7,1,1.0,228.0,OldTown,Y,Normal,161000
1609,4347,796.0,6,8,1910,1950,3,1,0,7,0,1.0,228.0,OldTown,Y,Normal,127500
768,6291,768.0,6,6,1930,1950,1,1,0,4,0,2.0,440.0,IDOTRR,Y,Normal,93850
1536,10266,768.0,6,6,1952,1952,4,1,1,7,0,1.0,308.0,IDOTRR,Y,Abnorml,136000
1969,6876,1272.0,6,6,1938,1958,4,2,0,9,1,2.0,400.0,IDOTRR,Y,Normal,141000
1308,10320,880.0,5,6,1915,1978,2,2,0,6,0,2.0,400.0,IDOTRR,Y,Normal,120000
1040,7200,1040.0,6,7,1925,1992,2,1,0,5,0,2.0,320.0,IDOTRR,Y,Normal,127500
1236,7006,768.0,6,6,1925,1950,3,2,0,6,1,1.0,384.0,IDOTRR,Y,Family,127000
1406,7920,319.0,6,7,1920,1950,3,1,0,6,0,0.0,0.0,IDOTRR,Y,Normal,89500
825,8235,825.0,5,7,1955,1995,2,1,0,4,0,2.0,720.0,OldTown,Y,Normal,125000
1198,5586,901.0,6,7,1920,1998,4,1,0,7,0,0.0,0.0,OldTown,Y,Abnorml,79900
759,10320,451.0,5,8,1912,1991,1,1,0,5,0,2.0,576.0,IDOTRR,Y,Family,85000
1344,10320,536.0,3,3,1915,1950,3,2,0,8,0,0.0,0.0,IDOTRR,N,Normal,82375
1469,10320,756.0,6,7,1906,1995,3,1,0,7,0,1.0,216.0,IDOTRR,Y,Normal,135000
1054,9488,1046.0,5,6,1947,1993,3,1,0,6,0,1.0,240.0,Sawyer,N,Abnorml,124000
1211,8250,952.0,5,5,1968,1968,3,1,0,5,1,1.0,322.0,Sawyer,Y,Normal,134000
1271,21286,720.0,5,5,1948,1950,4,2,0,7,1,1.0,312.0,Sawyer,Y,Normal,135000
1588,17120,0.0,4,4,1959,1959,4,2,0,7,1,2.0,680.0,ClearCr,Y,Normal,134432
1355,10106,644.0,5,7,1940,1999,4,2,0,6,0,0.0,0.0,Edwards,Y,Normal,127500
1075,11235,981.0,5,6,1963,1963,3,1,0,6,0,2.0,440.0,Sawyer,Y,Abnorml,148000
1040,11200,1040.0,5,5,1965,1965,3,1,0,5,0,1.0,384.0,Sawyer,Y,Normal,129500
1096,13014,1008.0,6,5,1978,1978,3,1,0,6,1,2.0,484.0,Sawyer,Y,Normal,157500
904,7162,876.0,5,7,1966,1966,3,1,0,6,0,1.0,408.0,Sawyer,Y,Abnorml,109900
992,10265,992.0,5,7,1967,2005,3,1,0,6,0,1.0,294.0,Sawyer,Y,Normal,145000
894,9764,894.0,5,7,1967,2003,3,1,0,5,0,2.0,450.0,Sawyer,Y,Normal,130000
1034,7703,450.0,6,8,1978,1978,3,1,0,6,1,2.0,504.0,Sawyer,Y,Normal,153000
1073,9981,1073.0,5,5,1967,1967,3,1,0,6,0,1.0,270.0,Sawyer,Y,Normal,120000
1126,7400,1060.0,5,5,1984,1984,2,1,0,5,0,2.0,506.0,Sawyer,Y,Normal,152000
1258,12900,1198.0,4,4,1969,1969,0,0,2,6,0,2.0,400.0,Sawyer,Y,Alloca,108959
1140,12900,1300.0,5,4,1920,1950,3,1,0,6,0,2.0,400.0,Sawyer,Y,Alloca,95541
1006,9000,1006.0,5,3,1959,1959,3,1,0,5,0,0.0,0.0,Sawyer,Y,Normal,80000
1228,8544,1228.0,5,6,1966,2006,3,1,1,6,0,1.0,271.0,Sawyer,Y,Normal,149350
960,9239,960.0,5,8,1963,2003,3,1,0,6,0,1.0,300.0,Sawyer,Y,Normal,144900
1188,14175,988.0,6,8,1956,1956,1,1,0,4,1,2.0,621.0,Sawyer,Y,Normal,185000
1383,13284,1383.0,5,5,1954,1954,3,1,0,6,1,1.0,354.0,Sawyer,Y,Normal,165000
1252,13500,1602.0,6,7,1960,1975,1,1,0,4,1,2.0,564.0,ClearCr,Y,Normal,235000
1601,13825,533.0,5,6,1958,1987,3,1,0,6,0,1.0,300.0,Sawyer,Y,Normal,140000
672,10200,672.0,5,8,1940,1997,2,1,0,4,0,1.0,240.0,Sawyer,Y,Normal,108000
1721,10532,988.0,5,3,1960,1960,3,2,0,7,2,2.0,626.0,ClearCr,Y,Abnorml,145000
1350,8375,576.0,5,7,1941,1973,2,1,1,6,0,3.0,627.0,Sawyer,Y,Normal,152400
904,10200,864.0,5,8,1970,1970,3,1,0,5,0,3.0,912.0,Sawyer,Y,Normal,144000
1291,2887,1291.0,6,5,1996,1997,2,1,0,6,1,2.0,431.0,ClearCr,Y,Normal,173000
2022,10005,1160.0,7,5,1977,1977,4,2,1,8,1,2.0,505.0,ClearCr,Y,Normal,192000
1524,20270,1524.0,7,6,1979,1979,3,2,0,7,2,2.0,478.0,ClearCr,Y,Normal,245000
1363,39104,1385.0,7,7,1954,2005,2,1,0,5,2,2.0,439.0,ClearCr,Y,Normal,241500
1663,53227,1364.0,4,6,1954,1994,2,1,0,6,2,2.0,529.0,ClearCr,Y,Normal,256000
1357,11512,1019.0,6,7,1959,2006,2,1,0,5,1,1.0,312.0,Edwards,Y,Normal,177000
1079,5190,570.0,7,5,1948,1950,2,1,0,5,1,1.0,249.0,Edwards,Y,Normal,125600
1094,10452,1094.0,6,5,1953,1953,3,1,0,5,2,2.0,495.0,Edwards,Y,Normal,155000
2358,45600,907.0,6,8,1908,1997,5,3,0,10,1,2.0,360.0,ClearCr,Y,Normal,240000
1518,19550,1580.0,5,7,1940,2007,2,1,0,5,2,0.0,0.0,Edwards,Y,Normal,260000
1674,21780,1163.0,6,7,1918,1950,4,2,0,8,1,2.0,396.0,Edwards,Y,Normal,185000
2108,13728,1127.0,6,7,1935,1986,4,2,0,7,2,2.0,540.0,Edwards,Y,Normal,235000
1509,9571,1509.0,5,6,1956,1956,3,1,0,6,1,1.0,322.0,Edwards,Y,Normal,159900
864,9350,864.0,5,5,1975,1975,2,1,0,4,0,0.0,0.0,Edwards,N,Normal,99600
1269,9360,621.0,6,8,1962,2001,3,1,1,7,0,1.0,280.0,Edwards,Y,Normal,134500
1367,8405,861.0,5,8,1900,1950,4,1,0,7,0,1.0,384.0,Edwards,Y,Normal,119000
1347,7000,1117.0,5,7,1910,1991,3,1,0,5,0,0.0,0.0,Edwards,Y,Normal,107500
1164,10880,1164.0,5,5,1950,1950,3,1,0,5,0,1.0,240.0,Edwards,N,Normal,125000
1096,9600,572.0,6,5,1924,1950,2,1,0,5,0,0.0,0.0,Edwards,N,Normal,79000
1111,9084,616.0,5,6,1941,1950,3,1,0,5,0,1.0,200.0,Edwards,N,Normal,95000
2329,11839,1475.0,7,5,1990,1990,4,2,1,10,1,2.0,514.0,SawyerW,Y,Normal,262280
2814,9771,1077.0,6,5,1995,2002,4,2,1,9,1,2.0,614.0,SawyerW,Y,Normal,260000
1626,9938,1602.0,7,5,1994,1994,3,2,1,7,1,2.0,534.0,SawyerW,Y,Normal,226500
2200,14171,812.0,7,5,1993,1994,4,2,1,9,1,2.0,453.0,SawyerW,Y,Normal,225000
2037,10541,672.0,7,5,1996,1996,3,2,1,8,1,2.0,472.0,SawyerW,Y,Normal,229000
1356,10616,628.0,7,5,2007,2007,3,2,1,6,1,2.0,484.0,CollgCr,Y,Partial,177439
1615,9345,1615.0,8,5,2007,2007,3,2,0,7,1,3.0,864.0,CollgCr,Y,Normal,248500
2276,11778,2271.0,9,5,2008,2008,3,2,0,7,2,3.0,1348.0,CollgCr,Y,Abnorml,475000
1766,11778,1751.0,9,5,2008,2008,3,2,1,8,2,3.0,874.0,CollgCr,Y,Partial,395039
2097,11228,1080.0,7,5,1993,1993,3,2,1,9,1,3.0,678.0,SawyerW,Y,Normal,228000
1511,11454,1401.0,8,5,1995,1995,3,2,0,6,1,3.0,811.0,SawyerW,Y,Normal,225000
1643,11500,1182.0,6,6,1966,1966,2,2,0,6,1,2.0,438.0,ClearCr,Y,Normal,195000
1688,12798,616.0,6,5,1997,1997,4,2,1,8,0,2.0,603.0,ClearCr,Y,Normal,200000
990,9750,990.0,5,7,1994,1994,3,1,0,5,0,2.0,528.0,CollgCr,Y,Normal,155000
1099,9525,1099.0,5,6,1995,2006,3,1,1,6,0,1.0,352.0,CollgCr,Y,Normal,144000
990,9245,990.0,5,5,1994,1995,3,1,0,5,0,2.0,672.0,CollgCr,Y,Normal,145000
1418,8696,1418.0,7,5,1997,1998,3,2,0,5,1,2.0,558.0,CollgCr,Y,Normal,226001
1771,13142,864.0,6,5,1997,1997,3,2,1,6,0,2.0,600.0,CollgCr,Y,Normal,215700
1652,8998,782.0,7,5,2000,2000,3,2,1,6,0,2.0,532.0,CollgCr,Y,Normal,207500
1790,9179,873.0,7,5,1999,1999,3,2,1,7,0,2.0,588.0,CollgCr,Y,Abnorml,193000
1724,8924,880.0,7,5,1998,1999,3,2,1,8,0,2.0,527.0,CollgCr,Y,Normal,188000
1479,9382,1468.0,7,5,1999,2000,3,2,0,6,0,2.0,577.0,CollgCr,Y,Normal,191000
1494,12803,1494.0,7,5,2002,2002,3,2,0,6,1,2.0,530.0,CollgCr,Y,Normal,221000
1792,12435,963.0,7,5,2001,2001,3,2,1,7,1,2.0,564.0,CollgCr,Y,Normal,231500
1823,12192,928.0,7,5,2000,2001,3,2,1,6,0,2.0,626.0,CollgCr,Y,Normal,235000
1786,11250,920.0,7,5,2001,2002,3,2,1,6,1,2.0,608.0,CollgCr,Y,Normal,223500
938,9200,938.0,5,6,1975,1980,3,1,0,5,0,1.0,308.0,CollgCr,Y,Normal,130250
985,8385,985.0,5,8,1977,1977,3,2,0,6,0,1.0,328.0,CollgCr,Y,Normal,149900
1174,12250,864.0,5,6,1978,1978,3,1,0,5,0,2.0,528.0,CollgCr,Y,Normal,158000
1026,10970,940.0,6,6,1978,1978,3,1,0,5,0,2.0,576.0,CollgCr,Y,Normal,147000
1076,9216,1076.0,5,6,1975,1975,3,1,1,5,1,2.0,576.0,CollgCr,Y,Abnorml,143195
1558,14330,864.0,5,6,1975,2001,2,2,0,5,0,2.0,440.0,CollgCr,Y,Normal,163000
924,7990,924.0,5,6,1975,1975,3,1,0,5,0,1.0,280.0,CollgCr,Y,Normal,110000
864,7180,864.0,5,7,1972,1972,3,1,0,5,0,1.0,352.0,CollgCr,Y,Normal,127000
780,7200,780.0,5,7,1972,1972,2,1,0,4,0,1.0,352.0,CollgCr,Y,Normal,124900
1795,9742,1777.0,8,5,2002,2002,3,2,0,7,1,2.0,534.0,CollgCr,Y,Normal,230000
2031,9473,1128.0,8,5,2002,2002,3,2,1,7,1,2.0,577.0,CollgCr,Y,Normal,237000
1865,10316,992.0,7,5,2000,2000,3,2,1,7,1,3.0,839.0,CollgCr,Y,Normal,235000
2161,10400,1257.0,7,5,2001,2001,3,2,1,8,1,2.0,570.0,CollgCr,Y,Normal,230500
1852,9066,1004.0,8,5,1999,2000,3,2,1,7,2,3.0,660.0,CollgCr,Y,Normal,230000
2031,11404,1153.0,7,5,1998,1999,3,2,1,8,1,2.0,541.0,CollgCr,Y,Normal,222500
2263,9240,1055.0,8,5,2001,2002,3,2,1,7,1,2.0,905.0,CollgCr,Y,Normal,287000
1947,9720,1357.0,9,5,2001,2002,3,2,1,7,1,3.0,725.0,CollgCr,Y,Normal,274000
1786,14860,1778.0,8,5,2002,2003,3,2,0,6,1,3.0,715.0,CollgCr,Y,Normal,300000
2290,11250,1128.0,8,5,2002,2002,4,2,1,9,1,2.0,779.0,CollgCr,Y,Normal,255900
1768,8158,884.0,7,5,2003,2003,3,2,1,8,0,2.0,543.0,CollgCr,Y,Normal,224900
2327,10905,1129.0,7,5,2003,2003,4,2,1,9,1,2.0,596.0,CollgCr,Y,Normal,240000
1640,7226,798.0,7,5,2003,2003,3,2,1,6,0,2.0,595.0,CollgCr,Y,Normal,183000
1764,11690,850.0,8,5,1999,2000,3,2,1,7,1,2.0,560.0,CollgCr,Y,Normal,207000
1908,8750,915.0,7,5,1994,1995,4,2,1,8,1,2.0,493.0,CollgCr,Y,Normal,210000
848,4435,848.0,6,5,2003,2003,1,1,0,3,0,2.0,420.0,CollgCr,Y,Normal,136500
848,4426,848.0,6,5,2004,2004,1,1,0,3,0,2.0,420.0,CollgCr,Y,Normal,145000
1493,13125,1478.0,6,5,1997,1998,3,2,0,7,1,2.0,508.0,CollgCr,Y,Normal,208900
1838,10126,1838.0,6,5,1997,1998,2,2,0,8,0,3.0,721.0,CollgCr,Y,Abnorml,185000
1536,9135,1536.0,7,5,2002,2003,3,2,0,7,0,2.0,532.0,CollgCr,Y,Normal,214000
1710,8450,856.0,7,5,2003,2003,3,2,1,8,0,2.0,548.0,CollgCr,Y,Normal,208500
1445,9750,1445.0,7,5,2004,2004,3,2,0,6,0,2.0,470.0,CollgCr,Y,Normal,186500
1436,8450,1436.0,7,5,2004,2004,3,2,0,8,0,2.0,484.0,CollgCr,Y,Normal,210000
1582,8320,770.0,7,5,2004,2004,3,2,1,6,0,2.0,520.0,CollgCr,Y,Normal,185900
1234,11049,1234.0,8,5,2007,2007,3,2,0,7,0,2.0,484.0,CollgCr,Y,Normal,179900
1564,11058,1564.0,7,6,2007,2007,3,2,0,6,0,3.0,814.0,CollgCr,Y,Normal,218836
1361,9627,1351.0,7,5,2007,2007,3,2,0,6,0,2.0,610.0,CollgCr,Y,Normal,193000
1456,8199,728.0,7,5,2005,2005,3,2,1,7,1,2.0,410.0,CollgCr,Y,Normal,189000
848,4426,848.0,6,5,2004,2004,1,1,0,3,1,2.0,420.0,CollgCr,Y,Normal,149300
848,4426,848.0,6,5,2004,2004,1,1,0,3,1,2.0,420.0,CollgCr,Y,Normal,141000
848,4438,848.0,6,5,2004,2004,1,1,0,3,1,2.0,420.0,CollgCr,Y,Normal,149000
848,4438,848.0,6,5,2004,2004,1,1,0,4,1,2.0,420.0,CollgCr,Y,Normal,144500
796,8777,796.0,5,7,1910,1950,2,1,0,4,0,0.0,0.0,Edwards,Y,Normal,85000
2200,8777,1272.0,5,7,1900,2003,4,2,2,9,0,0.0,0.0,Edwards,Y,Normal,145900
1092,9825,1092.0,5,5,1966,1966,3,1,0,6,0,1.0,264.0,Edwards,Y,Abnorml,123000
1256,9937,1256.0,5,6,1965,1965,3,1,1,6,0,1.0,276.0,Edwards,Y,Normal,147500
1033,12102,456.0,5,5,1976,1976,3,1,0,6,0,2.0,504.0,Edwards,Y,Family,165000
1127,6500,1127.0,6,6,1976,1976,3,1,1,6,1,2.0,480.0,Edwards,Y,Normal,135000
996,13907,996.0,5,6,1940,1969,3,1,0,6,1,0.0,0.0,Edwards,Y,Normal,108000
1181,10012,1138.0,4,5,1972,1972,3,2,0,6,0,2.0,588.0,Edwards,Y,Normal,137500
1656,6931,746.0,7,5,2003,2004,3,2,1,7,1,2.0,397.0,Edwards,Y,Normal,165400
1117,9638,1029.0,6,6,1977,1977,3,1,0,6,1,2.0,542.0,Edwards,Y,Normal,147000
1398,7200,684.0,6,7,1976,2001,3,1,1,6,1,2.0,440.0,Edwards,Y,Normal,160500
1132,7024,1132.0,4,5,2005,2005,2,1,1,5,0,2.0,451.0,Edwards,Y,Normal,176000
3820,47007,0.0,5,7,1959,1996,5,3,1,11,2,2.0,624.0,Edwards,Y,Normal,284700
5642,63887,6110.0,10,5,2008,2008,3,2,1,12,3,2.0,1418.0,Edwards,Y,Partial,160000
1072,3675,547.0,6,5,2005,2005,2,1,0,5,0,2.0,525.0,Edwards,Y,Normal,148000
1152,6040,0.0,4,5,1955,1955,2,2,0,6,0,0.0,0.0,Edwards,N,AdjLand,82000
1152,6012,0.0,4,5,1955,1955,2,2,0,6,0,0.0,0.0,Edwards,N,AdjLand,82000
1440,12108,1440.0,4,4,1955,1955,4,2,0,8,0,0.0,0.0,Edwards,N,Normal,118000
1152,6845,0.0,4,5,1955,1955,2,2,0,6,0,0.0,0.0,Edwards,N,Normal,82500
784,6931,784.0,4,5,1955,1955,2,1,0,4,0,0.0,0.0,Edwards,N,Normal,91900
1053,12180,585.0,5,7,1938,2007,2,1,1,5,0,0.0,0.0,Edwards,Y,Family,120000
1137,8050,0.0,5,8,1947,1993,4,1,1,8,0,0.0,0.0,Edwards,Y,Normal,96000
930,9520,911.0,4,5,1953,1953,2,1,0,5,0,1.0,286.0,Edwards,Y,Normal,99000
1200,11767,768.0,5,6,1946,1995,3,1,0,6,0,1.0,240.0,Edwards,Y,Normal,130500
1470,8172,941.0,4,6,1954,1972,4,2,0,7,0,1.0,548.0,Edwards,Y,Normal,135000
1393,16466,816.0,5,7,1955,1955,3,1,1,8,0,1.0,300.0,Edwards,Y,Normal,135500
1204,7692,416.0,4,6,1954,1954,3,1,0,6,0,1.0,312.0,Edwards,Y,Abnorml,100000
1292,5142,949.0,4,7,1923,2008,3,1,1,6,0,1.0,205.0,Edwards,Y,Normal,108000
864,5604,864.0,5,6,1925,1950,2,1,0,5,0,0.0,0.0,Edwards,N,Normal,98000
864,8248,864.0,3,3,1914,1950,2,1,0,5,0,0.0,0.0,Edwards,N,Normal,67000
1716,5687,780.0,5,6,1912,2000,6,2,0,9,0,0.0,0.0,SWISU,N,Normal,135900
1482,12155,672.0,6,8,1925,1950,4,2,0,7,0,1.0,400.0,SWISU,N,Normal,140000
2192,8400,720.0,5,8,1939,1997,4,2,1,8,1,1.0,240.0,SWISU,Y,Normal,179500
1694,8400,1181.0,6,5,1925,1950,4,2,0,7,1,2.0,576.0,SWISU,Y,Normal,136500
1424,7290,1228.0,7,8,1921,1950,2,2,0,7,1,1.0,312.0,SWISU,Y,Normal,168000
1964,8525,940.0,5,6,1911,1950,4,1,1,7,0,0.0,0.0,SWISU,N,Abnorml,130000
2601,9842,612.0,5,6,1921,1998,4,3,1,8,0,2.0,621.0,SWISU,Y,Normal,189000
1920,7804,960.0,6,7,1930,1950,4,2,2,10,2,2.0,480.0,SWISU,Y,Abnorml,161900
1316,8969,644.0,6,6,1926,1950,2,1,0,6,1,1.0,369.0,Crawfor,Y,Normal,145000
2555,11526,588.0,6,7,1922,1994,3,2,0,11,1,2.0,672.0,Crawfor,Y,Normal,191000
1680,15576,840.0,6,7,1915,1976,4,2,0,8,0,1.0,308.0,Crawfor,Y,Normal,177000
1264,15564,676.0,6,6,1914,1995,3,1,0,6,0,2.0,400.0,Crawfor,Y,Normal,147500
790,6292,768.0,6,5,1930,1950,2,1,0,4,0,1.0,160.0,SWISU,N,Normal,91000
1512,7609,798.0,8,9,1925,1997,3,2,0,7,1,1.0,180.0,Crawfor,Y,Normal,231000
1639,10480,1064.0,6,5,1936,1950,3,1,0,6,0,1.0,240.0,SWISU,Y,Normal,115000
1603,9650,784.0,6,3,1923,1950,4,1,0,7,1,2.0,599.0,Crawfor,Y,Normal,138000
1502,7200,776.0,7,6,1931,2000,3,1,1,6,1,1.0,270.0,Crawfor,Y,Normal,149000
1660,11988,715.0,6,7,1934,1995,3,1,1,6,1,1.0,240.0,Crawfor,Y,Normal,188700
1938,11700,942.0,5,6,1937,1995,4,2,0,7,1,1.0,240.0,Crawfor,Y,Normal,198000
1374,9260,884.0,5,4,1938,1950,3,1,0,6,0,1.0,225.0,Crawfor,Y,Normal,110000
1091,7801,1091.0,6,5,1951,1951,2,1,0,5,1,1.0,344.0,Crawfor,N,Normal,104000
1873,9670,608.0,8,6,1935,1950,4,1,1,9,2,2.0,786.0,Crawfor,Y,Alloca,257076
3447,14100,728.0,8,9,1935,1997,4,3,1,11,2,3.0,1014.0,Crawfor,Y,Normal,381000
1954,15660,798.0,7,9,1939,2006,3,1,1,8,2,2.0,431.0,Crawfor,Y,Normal,311500
2161,12392,832.0,7,9,1950,2000,3,2,1,8,2,2.0,506.0,Crawfor,Y,Normal,263400
1898,26073,1898.0,5,5,1956,1956,3,2,1,7,2,2.0,484.0,Crawfor,Y,Normal,236500
1640,14778,1296.0,6,7,1954,2006,3,1,0,7,1,2.0,924.0,Crawfor,Y,Normal,224000
1032,1879,516.0,6,6,1980,1980,2,1,0,5,1,2.0,462.0,Blueste,Y,Normal,116500
1556,1950,716.0,6,6,1980,1980,3,2,1,6,1,2.0,452.0,Blueste,Y,Normal,151000
919,7000,894.0,6,8,1926,1998,2,1,0,5,0,1.0,195.0,IDOTRR,Y,Normal,126000
1090,6000,720.0,6,8,1940,2006,3,1,0,5,0,1.0,240.0,IDOTRR,Y,Normal,120000
796,3636,796.0,4,4,1922,1950,2,1,0,5,0,0.0,0.0,IDOTRR,N,Normal,55000
816,5890,816.0,6,8,1930,2007,2,1,0,5,0,1.0,432.0,IDOTRR,Y,Normal,120500
778,6900,740.0,5,6,1940,1955,2,1,0,4,1,1.0,924.0,IDOTRR,Y,Normal,120500
1200,8155,780.0,5,7,1930,1950,4,1,0,7,0,0.0,0.0,IDOTRR,Y,Normal,119000
1656,6000,624.0,5,5,1967,1967,3,1,1,7,1,1.0,288.0,IDOTRR,Y,Normal,126000
912,7392,520.0,5,7,1930,1995,2,1,0,5,0,1.0,360.0,IDOTRR,Y,Normal,99500
1955,9000,1151.0,5,5,1958,1958,4,2,0,7,0,1.0,356.0,IDOTRR,Y,Normal,165500
733,14584,0.0,1,5,1952,1952,2,1,0,4,0,2.0,487.0,IDOTRR,N,Abnorml,13100
1361,5280,173.0,4,7,1895,1950,2,1,0,6,0,1.0,185.0,IDOTRR,N,Normal,89000
1317,8500,649.0,4,4,1920,1950,3,1,0,6,0,1.0,250.0,IDOTRR,N,Normal,40000
1049,5150,356.0,4,7,1910,2000,2,1,0,5,0,1.0,195.0,IDOTRR,N,Normal,80900
894,18000,894.0,3,4,1935,1950,2,1,0,6,0,3.0,1248.0,IDOTRR,Y,Normal,81000
864,9000,592.0,4,6,1920,1950,3,1,1,5,0,1.0,216.0,IDOTRR,Y,Normal,65000
1652,5587,1600.0,8,5,2008,2008,2,2,0,5,1,2.0,482.0,Crawfor,Y,Partial,392500
1648,3843,1596.0,8,5,2007,2008,2,2,0,5,1,2.0,525.0,Crawfor,Y,Partial,294464
1646,3811,1594.0,7,5,2004,2005,2,2,0,5,1,2.0,482.0,Crawfor,Y,Normal,250000
1646,3842,1594.0,8,5,2004,2005,2,2,0,5,1,2.0,482.0,Crawfor,Y,Normal,275000
2032,23730,1840.0,7,5,1996,1997,3,3,0,7,0,3.0,786.0,Mitchel,Y,Normal,300000
1689,13265,1568.0,8,5,2002,2002,3,2,0,7,2,3.0,857.0,Mitchel,Y,Normal,271000
1820,11050,910.0,7,5,1996,1997,3,2,1,8,1,3.0,816.0,Mitchel,Y,Normal,213000
1118,9880,1096.0,6,6,1977,1977,3,1,0,6,1,1.0,358.0,Mitchel,Y,Normal,171000
1279,10125,1196.0,6,6,1977,1977,3,2,0,6,2,2.0,473.0,Mitchel,Y,Normal,171500
1872,10260,0.0,5,4,1976,1976,4,2,2,8,0,2.0,484.0,Mitchel,Y,Abnorml,100000
1689,9990,1680.0,4,5,1991,1991,3,2,0,6,1,2.0,432.0,Mitchel,Y,Normal,228500
1786,164660,1499.0,5,6,1965,1965,3,2,0,7,2,2.0,529.0,Timber,Y,Normal,228950
1501,4084,1277.0,7,6,1986,1986,2,2,0,6,1,2.0,512.0,Timber,Y,Normal,241500
2898,15498,1565.0,8,6,1976,1976,2,2,0,10,1,2.0,665.0,Timber,Y,Abnorml,287000
1537,11563,1518.0,8,5,2006,2007,3,2,0,8,0,3.0,788.0,Timber,Y,Normal,294000
1646,9520,1638.0,8,5,2007,2008,3,2,0,7,1,3.0,800.0,Timber,Y,Partial,293077
1780,12852,920.0,8,5,2007,2007,3,2,1,6,1,2.0,612.0,Timber,Y,Partial,264966
1442,9802,352.0,5,5,2006,2007,3,2,1,6,0,2.0,400.0,Timber,Y,Normal,172500
1394,9735,384.0,5,5,2006,2007,3,2,1,7,0,2.0,400.0,Timber,Y,Normal,167500
1612,12018,796.0,7,5,2008,2008,3,2,1,6,0,3.0,666.0,Timber,Y,Partial,218689
1495,12890,1495.0,6,5,1989,1989,3,2,0,8,1,2.0,438.0,Timber,Y,Normal,150000
1651,12416,1606.0,6,5,1986,1986,3,2,0,7,1,2.0,616.0,Timber,Y,Normal,184000
1256,18265,1256.0,6,5,1986,1986,3,2,0,6,1,2.0,578.0,Timber,Y,Normal,180000
1509,10200,1461.0,6,5,1988,1989,3,2,0,5,1,2.0,600.0,Timber,Y,Abnorml,175000
1440,11202,1432.0,8,5,2003,2003,3,2,0,7,1,2.0,467.0,Timber,Y,Normal,232500
1675,7915,1666.0,6,5,1999,2000,3,2,0,6,0,2.0,435.0,Timber,Y,Normal,195000
2262,12244,1482.0,8,5,2003,2003,4,2,1,10,2,3.0,749.0,Timber,Y,Normal,305000
1728,11449,1884.0,8,5,2007,2007,3,2,0,7,1,2.0,520.0,Timber,Y,Normal,298751
1964,11447,1964.0,8,5,2005,2006,3,2,1,7,1,3.0,892.0,Timber,Y,Normal,370000
1344,8940,1344.0,7,5,1997,1998,2,2,0,8,0,4.0,784.0,Mitchel,Y,Alloca,209200
1344,7060,1344.0,7,5,1997,1998,2,2,0,8,0,4.0,784.0,Mitchel,Y,Alloca,206300
1092,9278,1092.0,5,5,2007,2008,2,1,0,5,0,0.0,0.0,Mitchel,Y,Abnorml,146000
1189,4500,1189.0,6,5,1997,1997,2,2,0,4,0,2.0,392.0,Mitchel,Y,Normal,160500
1200,14137,1200.0,4,5,1964,1964,3,1,0,6,0,3.0,850.0,Mitchel,Y,Normal,173000
1040,4224,1040.0,5,6,1975,1975,3,1,0,6,0,2.0,499.0,MeadowV,Y,Normal,124000
1304,2665,264.0,5,6,1976,1976,3,1,1,4,1,1.0,336.0,MeadowV,Y,Normal,115000
1475,2665,550.0,5,7,1976,1976,4,2,0,6,1,1.0,336.0,MeadowV,Y,Normal,129500
988,1974,526.0,4,7,1973,2006,2,1,0,5,0,1.0,297.0,MeadowV,Y,Normal,105000
988,1596,462.0,4,6,1973,1973,1,1,0,4,1,1.0,297.0,MeadowV,Y,Normal,94900
1160,17979,1113.0,5,6,1968,1968,3,1,0,6,0,1.0,257.0,Mitchel,Y,Normal,152500
1092,1477,546.0,6,9,1970,2007,3,2,1,6,0,0.0,0.0,MeadowV,Y,Normal,98000
630,1890,630.0,4,7,1972,1972,1,1,0,3,0,0.0,0.0,MeadowV,Y,Normal,81000
988,21750,988.0,5,5,1954,1954,2,1,0,4,0,2.0,520.0,Mitchel,Y,Normal,113000
816,6490,816.0,5,7,1983,1983,2,1,0,4,0,1.0,264.0,Mitchel,Y,Normal,128500
923,6951,876.0,5,5,1984,1985,3,1,0,5,0,1.0,264.0,Mitchel,Y,Normal,119500
816,6600,816.0,5,9,1982,2008,3,1,0,5,1,1.0,264.0,Mitchel,Y,Normal,130500
816,6600,816.0,5,8,1982,2003,2,1,0,4,0,2.0,816.0,Mitchel,Y,Normal,138000
845,6600,845.0,5,6,1982,2005,3,1,0,6,0,1.0,264.0,Mitchel,Y,Normal,134500
1750,12508,983.0,6,7,1940,1985,4,2,0,7,0,1.0,423.0,Mitchel,Y,Normal,160000
889,12395,864.0,5,6,1984,1984,3,1,0,6,0,2.0,484.0,Mitchel,Y,Normal,137500
1968,11075,784.0,5,4,1969,1969,4,2,1,7,1,2.0,530.0,Mitchel,Y,Normal,172000
1836,56600,686.0,5,1,1900,1950,4,2,0,7,0,1.0,288.0,IDOTRR,Y,Normal,103000
1587,10667,1587.0,6,6,1971,1971,3,2,0,7,1,2.0,525.0,NAmes,Y,Normal,167300
1277,10628,1277.0,7,5,1970,1970,2,1,0,5,1,2.0,526.0,NAmes,Y,Normal,167000
2223,13651,2223.0,7,6,1973,1973,3,2,0,8,2,2.0,516.0,NAmes,Y,Normal,244000
2217,15865,2217.0,8,6,1970,1970,4,2,0,8,1,2.0,621.0,NAmes,Y,Normal,268000
1733,12394,847.0,7,5,2003,2003,3,2,1,7,1,2.0,433.0,Gilbert,Y,Family,225000
1572,10364,806.0,6,5,1995,1996,3,2,1,7,1,2.0,373.0,Gilbert,Y,Normal,168000
1470,13869,794.0,6,6,1997,1997,3,2,0,6,0,2.0,388.0,Gilbert,Y,Normal,177000
1600,8773,916.0,6,5,1997,1997,3,2,1,7,1,2.0,460.0,Gilbert,Y,Normal,169000
1384,8872,384.0,6,5,1997,1997,3,2,1,7,1,2.0,390.0,Gilbert,Y,Normal,161500
1652,5330,1494.0,8,5,2000,2000,2,2,0,6,0,2.0,499.0,StoneBr,Y,Normal,251000
1694,10147,392.0,6,5,1994,1994,3,2,1,7,1,2.0,398.0,Gilbert,Y,Normal,160000
1714,8637,923.0,6,5,1999,2000,3,2,1,7,1,2.0,451.0,Gilbert,Y,Abnorml,180000
1553,7875,691.0,7,5,1996,1996,3,2,1,6,0,2.0,420.0,Gilbert,Y,Normal,178750
1253,7875,1237.0,7,5,1995,1996,3,2,0,6,1,2.0,402.0,Gilbert,Y,Normal,176000
2299,7500,938.0,6,5,1999,2003,5,3,1,7,1,2.0,482.0,Gilbert,Y,Normal,204000
1187,9556,1168.0,7,5,1992,1993,3,2,0,6,0,2.0,420.0,Gilbert,Y,Normal,160000
1472,10784,384.0,7,5,1991,1992,3,2,1,7,1,2.0,402.0,Gilbert,Y,Normal,160000
1482,9125,384.0,7,5,1992,1992,3,2,1,7,1,2.0,392.0,Gilbert,Y,Normal,163900
1642,7655,903.0,6,5,1993,1994,3,2,1,7,1,2.0,392.0,Gilbert,Y,Normal,168000
1128,18160,1302.0,6,6,1964,1964,3,1,0,6,1,2.0,480.0,Gilbert,Y,Alloca,154204
1088,3696,1074.0,8,5,1986,1986,2,1,1,5,0,2.0,461.0,StoneBr,Y,Normal,170000
2090,5062,1190.0,7,5,1984,1984,3,2,0,6,1,2.0,577.0,StoneBr,Y,Normal,207500
1179,4740,1166.0,8,5,1988,1988,2,2,0,5,0,2.0,480.0,StoneBr,Y,Normal,182000
1321,5118,1312.0,8,5,1990,1990,1,1,0,4,1,2.0,484.0,StoneBr,Y,Normal,212000
1922,14157,1922.0,9,5,2005,2006,3,2,0,8,1,3.0,676.0,StoneBr,Y,Normal,377426
2541,12328,1149.0,8,5,2005,2005,4,3,1,10,1,3.0,729.0,StoneBr,Y,Normal,349265
2338,51974,2660.0,9,5,2006,2007,4,2,1,8,2,3.0,1110.0,StoneBr,Y,Partial,591587
1424,41600,1100.0,5,5,1969,1990,3,1,1,7,0,3.0,828.0,Gilbert,Y,Normal,155000
1612,8035,1612.0,9,5,2006,2006,2,2,0,6,1,2.0,556.0,StoneBr,Y,Normal,319900
1419,8089,1419.0,8,6,2007,2007,2,2,0,7,1,2.0,567.0,StoneBr,Y,Partial,392000
2234,14082,2220.0,8,5,2006,2006,1,1,1,7,1,2.0,724.0,StoneBr,Y,Normal,441929
2042,13870,1742.0,10,5,2006,2007,3,2,0,8,1,3.0,724.0,StoneBr,Y,Partial,455000
1440,12546,1440.0,6,7,1981,1981,3,2,0,7,1,2.0,467.0,NWAmes,Y,Normal,182900
1284,10960,1284.0,6,5,1984,1984,3,2,0,5,0,2.0,480.0,NWAmes,Y,Abnorml,174000
1868,12090,585.0,6,7,1984,2003,3,3,1,7,1,2.0,477.0,NWAmes,Y,Abnorml,178000
1479,12090,725.0,7,7,1981,2003,3,2,1,6,1,2.0,484.0,NWAmes,Y,Normal,176000
1664,12299,1529.0,7,6,1978,1985,3,2,0,7,1,2.0,663.0,NWAmes,Y,Normal,213000
1930,11339,780.0,7,5,1979,1979,4,2,1,9,1,2.0,481.0,NWAmes,Y,Normal,192000
1969,11952,808.0,7,6,1977,1977,3,2,1,8,1,2.0,534.0,NWAmes,Y,Normal,190000
2030,12046,848.0,6,6,1976,1976,4,2,1,8,1,2.0,551.0,NWAmes,Y,Normal,195000
1032,10395,1032.0,6,6,1978,1978,3,2,0,6,1,2.0,564.0,NWAmes,Y,Normal,148000
1177,11850,1153.0,6,6,1984,1984,3,2,0,6,0,2.0,495.0,NWAmes,Y,Normal,151500
1725,11584,539.0,7,6,1979,1979,3,2,1,6,1,2.0,550.0,NWAmes,Y,Normal,197000
1353,10400,1259.0,6,5,1979,1999,2,2,0,5,1,2.0,478.0,NWAmes,Y,Normal,192350
1620,10793,780.0,5,5,1969,1969,4,2,1,7,0,2.0,462.0,NWAmes,Y,Normal,152000
1220,13001,1625.0,6,5,1971,1971,2,2,0,6,1,2.0,944.0,NWAmes,Y,Normal,170000
1484,12243,1484.0,5,6,1971,1971,3,2,0,7,1,2.0,487.0,NWAmes,Y,Normal,175000
1743,11700,702.0,6,6,1968,1968,3,1,2,7,1,2.0,539.0,NWAmes,Y,Normal,175000
1935,12384,793.0,7,7,1976,1976,3,2,1,7,1,2.0,550.0,NWAmes,Y,Normal,197900
1324,8991,1228.0,7,6,1976,1976,3,2,0,5,1,2.0,585.0,NWAmes,Y,Normal,174000
1877,8000,1084.0,6,6,1974,1974,4,2,1,8,1,2.0,488.0,NWAmes,Y,Normal,178900
1109,10500,372.0,5,7,1971,2005,3,1,0,5,0,1.0,288.0,NAmes,Y,Normal,139000
981,10530,981.0,6,5,1971,1971,3,1,1,5,0,2.0,576.0,NAmes,Y,Normal,143250
1479,7472,725.0,7,9,1972,2004,4,1,1,7,0,2.0,484.0,NAmes,Y,Normal,184000
1422,9457,925.0,5,6,1970,1990,3,1,0,7,0,2.0,576.0,NAmes,Y,Normal,155000
914,7920,914.0,5,5,1970,2002,3,1,0,5,0,1.0,368.0,NAmes,Y,Normal,133000
950,9758,950.0,5,5,1971,1971,3,1,0,5,0,1.0,280.0,NAmes,Y,Normal,119500
872,8294,858.0,4,5,1971,1971,3,1,0,5,0,4.0,480.0,NAmes,Y,Normal,123000
858,7340,858.0,4,6,1971,1971,2,1,0,4,0,1.0,684.0,NAmes,Y,Normal,110000
914,17199,914.0,4,7,1961,1961,2,1,0,4,0,1.0,270.0,NAmes,Y,Normal,128000
864,9000,864.0,4,6,1971,1971,3,1,0,5,0,2.0,528.0,NAmes,Y,Normal,120500
767,4058,723.0,7,5,1998,1998,1,1,0,4,0,1.0,367.0,NAmes,Y,Normal,133000
1337,4113,1337.0,6,5,2001,2001,2,2,0,5,1,2.0,511.0,NAmes,Y,Normal,155000
1337,10943,1405.0,6,5,1997,1998,2,2,0,5,1,2.0,522.0,NAmes,Y,Normal,177000
1092,2205,525.0,6,6,1973,1973,3,1,1,6,0,1.0,264.0,BrDale,Y,Normal,113500
1218,1890,672.0,6,5,1973,1973,3,1,1,7,0,1.0,264.0,BrDale,Y,Normal,113000
1218,2058,672.0,6,5,1973,1973,4,1,1,7,0,1.0,264.0,BrDale,Y,Normal,113700
1302,2016,630.0,5,5,1970,1970,3,2,1,6,0,2.0,440.0,BrDale,Y,Normal,106000
1365,1920,765.0,5,5,1971,1971,2,1,1,6,0,2.0,440.0,BrDale,Y,Normal,122500
958,4928,1078.0,6,5,1976,1976,2,2,0,5,1,2.0,440.0,NPkVill,Y,Normal,128000
1548,2308,804.0,6,6,1976,1976,3,2,1,7,1,2.0,440.0,NPkVill,Y,Normal,155000
1055,2304,1061.0,7,7,1978,1978,2,2,0,4,0,1.0,319.0,NPkVill,Y,Normal,142500
988,7150,988.0,5,6,1966,1966,3,1,0,5,0,1.0,360.0,NAmes,Y,Normal,129250
1816,12469,1790.0,9,5,2006,2007,3,2,0,7,1,3.0,730.0,NridgHt,Y,Partial,356000
1828,11694,1822.0,9,5,2007,2007,3,2,0,9,1,3.0,774.0,NridgHt,Y,Partial,314813
1694,12030,1694.0,8,5,2007,2007,3,2,0,7,0,3.0,818.0,NridgHt,Y,Partial,318000
1694,11825,1694.0,8,5,2006,2007,3,2,0,7,1,3.0,856.0,NridgHt,Y,Partial,322400
1734,12085,1734.0,8,5,2007,2007,3,2,0,7,1,3.0,928.0,NridgHt,Y,Partial,318000
2122,14333,2108.0,8,5,2007,2007,2,2,1,7,1,3.0,938.0,NridgHt,Y,Partial,345474
2121,14450,2121.0,9,5,2006,2007,3,2,1,8,1,3.0,732.0,NridgHt,Y,Partial,415298
2656,13641,1934.0,9,5,2007,2007,3,2,1,8,1,3.0,1040.0,NridgHt,Y,Partial,492000
2550,13440,1108.0,8,5,2006,2007,4,2,1,11,1,3.0,670.0,NridgHt,Y,Partial,338931
2046,15431,1994.0,10,5,2005,2006,2,2,1,7,2,3.0,878.0,NridgHt,Y,Normal,450000
2172,14154,1063.0,7,5,2006,2006,3,2,1,9,1,3.0,947.0,NridgHt,Y,Partial,280000
2552,13891,2552.0,9,5,2007,2007,3,2,0,8,2,3.0,932.0,NridgHt,Y,Partial,479069
1973,14226,1935.0,8,5,2006,2006,3,2,0,9,1,3.0,895.0,NridgHt,Y,Partial,395000
2643,13693,2153.0,9,5,2006,2006,3,2,1,9,1,3.0,694.0,NridgHt,Y,Normal,380000
1634,11428,1626.0,8,5,2006,2006,3,2,0,7,1,3.0,866.0,NridgHt,Y,Normal,250000
1976,14977,1976.0,8,5,2006,2007,2,2,0,7,1,3.0,908.0,NridgHt,Y,Partial,440000
2758,13654,1704.0,9,5,2005,2006,4,2,1,9,1,3.0,814.0,NridgHt,Y,Normal,418000
2290,17169,2320.0,10,5,2007,2007,2,2,1,7,1,3.0,1174.0,NridgHt,Y,Partial,500067
2152,16659,1582.0,8,5,2007,2008,3,2,1,7,1,2.0,728.0,NridgHt,Y,Partial,260116
2473,9591,1143.0,8,5,2004,2005,4,2,1,9,1,3.0,852.0,NridgHt,Y,Normal,317000
2100,9709,918.0,8,5,2007,2007,3,2,1,8,2,3.0,786.0,NridgHt,Y,Partial,319500
2161,10562,1582.0,8,5,2007,2007,3,1,1,8,1,3.0,789.0,NridgHt,Y,Partial,325624
1802,13615,1802.0,9,5,2006,2006,3,2,1,7,1,3.0,843.0,NridgHt,Y,Normal,372000
2956,13069,1706.0,8,5,2004,2004,5,2,1,11,1,3.0,916.0,NridgHt,Y,Normal,342000
2468,12099,1136.0,8,5,2004,2004,4,2,1,10,1,3.0,872.0,NridgHt,Y,Normal,354000
2385,14277,1317.0,8,5,2003,2003,3,2,1,7,1,3.0,818.0,NridgHt,Y,Normal,350000
2374,11999,1181.0,8,5,2003,2004,4,2,1,10,1,3.0,656.0,NridgHt,Y,Normal,285000
1818,12568,895.0,8,5,2007,2007,3,2,1,8,1,3.0,774.0,NridgHt,Y,Partial,281500
1614,9926,1614.0,7,5,2005,2006,3,2,0,7,0,3.0,878.0,NridgHt,Y,Normal,245700
1721,9254,1721.0,8,5,2005,2005,3,2,0,7,0,2.0,554.0,NridgHt,Y,Normal,232698
1828,10732,1298.0,8,5,2006,2007,3,2,1,7,0,3.0,876.0,NridgHt,Y,Partial,250000
1362,7577,1362.0,6,5,2005,2006,2,2,0,6,1,2.0,460.0,NridgHt,Y,Normal,194700
1302,3901,1302.0,6,5,2005,2006,1,1,1,5,1,2.0,631.0,NridgHt,Y,Partial,204000
1302,3903,1302.0,6,5,2005,2006,1,1,1,5,1,2.0,631.0,NridgHt,Y,Normal,200000
1362,6289,1362.0,6,5,2005,2006,2,2,0,6,1,2.0,460.0,NridgHt,Y,Normal,207000
1554,4590,1554.0,8,5,2006,2006,2,2,0,6,1,2.0,627.0,NridgHt,Y,Normal,209500
1554,4590,1554.0,8,5,2006,2006,2,2,0,6,1,2.0,627.0,NridgHt,Y,Normal,209500
1370,6442,1370.0,8,5,2006,2006,2,2,0,6,1,2.0,484.0,NridgHt,Y,Normal,202500
1577,7841,1577.0,9,5,2005,2005,2,2,0,6,1,2.0,564.0,NridgHt,Y,Normal,280000
1561,7313,1561.0,9,5,2005,2005,2,2,0,6,1,2.0,556.0,NridgHt,Y,Normal,277500
1869,7820,1869.0,9,5,2007,2007,2,2,0,6,1,2.0,617.0,NridgHt,Y,Partial,318061
1324,6240,1324.0,8,5,2006,2006,2,2,0,6,1,2.0,550.0,NridgHt,Y,Partial,221370
1405,3242,1405.0,7,5,2003,2003,2,2,0,6,1,2.0,478.0,NridgHt,Y,Normal,200000
1496,15810,768.0,6,5,2007,2007,3,3,0,7,0,2.0,572.0,Gilbert,Y,Partial,181755
1536,10237,768.0,6,5,2005,2006,3,2,1,6,1,2.0,400.0,Gilbert,Y,Normal,176000
1484,10237,783.0,6,5,2005,2007,3,2,1,8,1,2.0,393.0,Gilbert,Y,Partial,178900
1458,13204,608.0,7,5,2006,2007,3,2,0,6,0,2.0,454.0,Gilbert,Y,Partial,168165
1495,8857,738.0,6,5,2006,2006,3,2,1,7,1,2.0,440.0,Gilbert,Y,Partial,171925
1746,9729,698.0,6,5,2006,2007,3,2,1,6,1,3.0,350.0,Gilbert,Y,Partial,198444
1326,12216,1326.0,6,5,2005,2005,3,2,0,6,0,2.0,388.0,Gilbert,Y,Normal,203000
1456,9018,728.0,7,5,2007,2007,3,2,1,8,1,2.0,400.0,Gilbert,Y,Partial,179540
1302,8993,1302.0,7,5,2007,2007,3,2,0,6,0,2.0,436.0,Gilbert,Y,Partial,176485
1340,8899,1340.0,7,5,2007,2007,3,2,0,6,0,2.0,396.0,Gilbert,Y,Partial,181134
1412,8499,616.0,6,5,2006,2007,3,2,1,6,1,2.0,432.0,Gilbert,Y,Partial,156932
1504,8229,752.0,6,5,2007,2007,3,2,1,6,0,2.0,440.0,Gilbert,Y,Partial,166000
1456,7713,728.0,7,5,2007,2007,3,2,1,7,0,2.0,400.0,Gilbert,Y,Partial,177594
1258,7697,1246.0,7,6,2007,2007,3,2,0,6,0,2.0,462.0,Gilbert,Y,Partial,173500
1258,3922,1258.0,7,5,2006,2007,2,2,0,6,1,3.0,648.0,Blmngtn,Y,Partial,172500
1402,3922,1258.0,7,5,2006,2007,2,0,2,7,1,3.0,648.0,Blmngtn,Y,Partial,194201
1589,3621,1406.0,8,5,2003,2003,2,2,0,7,1,3.0,630.0,Blmngtn,Y,Normal,226500
1266,3710,1266.0,7,5,2007,2007,2,2,0,6,1,2.0,388.0,Blmngtn,Y,Partial,185485
1530,14572,1530.0,7,5,2004,2004,3,2,0,7,1,3.0,630.0,Gilbert,Y,Family,259000
1119,16219,835.0,7,5,2004,2005,2,2,0,5,0,2.0,437.0,Gilbert,Y,Normal,188500
1374,11084,384.0,7,5,2004,2004,3,2,1,8,1,2.0,400.0,Gilbert,Y,Family,175000
1959,11796,847.0,7,5,2004,2005,4,2,1,8,1,2.0,434.0,Gilbert,Y,Normal,215000
1525,10936,1510.0,7,5,2006,2006,3,2,1,6,1,2.0,534.0,Gilbert,Y,Partial,206580
1720,8244,840.0,7,5,2004,2004,3,2,1,7,1,2.0,440.0,Gilbert,Y,Normal,183500
1394,11950,384.0,7,5,2003,2003,3,2,1,7,1,2.0,400.0,Gilbert,Y,Normal,165500
1948,7875,847.0,7,5,2003,2003,4,2,1,8,1,2.0,434.0,Gilbert,Y,Normal,211000
1690,8063,924.0,6,5,2000,2000,3,2,1,7,1,2.0,463.0,Gilbert,Y,Abnorml,181000
1995,8740,854.0,7,5,2002,2002,4,2,1,8,1,2.0,435.0,Gilbert,Y,Normal,219500
1647,7917,953.0,6,5,1999,2000,3,2,1,7,1,2.0,460.0,Gilbert,Y,Normal,175000
1430,9967,384.0,7,5,2000,2000,3,2,1,8,1,2.0,400.0,Gilbert,Y,Normal,170000
1320,7750,660.0,7,5,2003,2003,3,2,1,6,0,2.0,400.0,Gilbert,Y,Normal,162000
1690,9487,915.0,6,5,2000,2000,3,2,1,7,1,2.0,442.0,Gilbert,Y,Normal,187000
1644,9649,941.0,6,5,1999,2000,3,2,1,7,1,2.0,460.0,Gilbert,Y,Normal,185000
4476,15623,2396.0,10,5,1996,1996,4,3,1,10,2,3.0,813.0,NoRidge,Y,Abnorml,745000
2551,12191,1779.0,8,5,1997,1998,4,2,1,8,2,3.0,925.0,NoRidge,Y,Normal,384500
2285,11000,969.0,8,5,2000,2000,4,2,1,8,1,3.0,648.0,NoRidge,Y,Normal,248000
2633,11400,2633.0,10,5,2001,2002,2,2,1,8,2,3.0,804.0,NoRidge,Y,Normal,466500
3078,10557,1408.0,9,5,1998,1998,4,2,1,9,1,3.0,806.0,NoRidge,Y,Normal,410000
2582,11002,1389.0,8,5,1998,1999,4,2,1,9,1,3.0,758.0,NoRidge,Y,Normal,322500
2385,10790,1066.0,7,5,1998,1998,4,2,1,8,1,3.0,600.0,NoRidge,Y,Normal,252000
4316,21535,2444.0,10,6,1994,1995,4,3,1,10,2,3.0,832.0,NoRidge,Y,Normal,755000
2013,9920,1117.0,7,5,1996,1997,3,2,1,8,1,2.0,455.0,NoRidge,Y,Normal,269790
2398,11787,1379.0,7,5,1996,1997,3,2,1,8,1,3.0,834.0,NoRidge,Y,Normal,315750
2520,9950,1203.0,7,5,1995,1995,4,2,1,9,1,3.0,721.0,NoRidge,Y,Abnorml,290000
2531,12257,1318.0,8,5,1995,1995,4,2,1,9,1,3.0,752.0,NoRidge,Y,Normal,290000
3228,12692,3200.0,8,5,1992,1993,4,3,0,10,1,2.0,546.0,NoRidge,Y,Normal,430000
2202,11762,1105.0,8,5,1992,1993,4,2,1,9,1,2.0,517.0,NoRidge,Y,Normal,263000
2538,9044,1325.0,8,5,1996,1997,4,2,1,8,1,3.0,933.0,NoRidge,Y,Normal,330000
1369,9910,1369.0,7,6,2007,2007,3,2,0,5,0,2.0,605.0,Somerst,Y,Partial,213133
1542,11830,1542.0,8,5,2007,2007,3,2,0,6,1,3.0,852.0,Somerst,Y,Partial,260261
1905,11670,1905.0,9,5,2006,2006,3,2,0,8,1,3.0,788.0,Somerst,Y,Normal,320000
1464,15256,1485.0,8,5,2007,2007,3,2,0,6,0,3.0,754.0,Somerst,Y,Normal,282922
1534,10612,1524.0,8,5,2006,2006,3,2,0,7,1,2.0,484.0,Somerst,Y,Family,215000
1966,12291,1966.0,10,5,2007,2007,1,2,0,6,1,3.0,1092.0,Somerst,Y,Partial,419005
1636,13501,1623.0,8,5,2006,2006,3,2,0,8,1,3.0,865.0,Somerst,Y,Normal,255000
1795,9986,1795.0,8,5,2006,2007,2,2,0,7,1,3.0,895.0,Somerst,Y,Partial,147000
1528,9965,1528.0,7,5,2007,2007,3,3,2,6,1,2.0,480.0,Somerst,Y,Partial,235876
1726,9416,1726.0,7,5,2007,2007,3,2,0,8,1,3.0,786.0,Somerst,Y,Partial,311872
1689,9849,1689.0,7,6,2007,2007,3,2,0,7,0,3.0,954.0,Somerst,Y,Partial,248328
1588,10000,1588.0,8,5,2006,2006,3,2,0,7,1,3.0,825.0,Somerst,Y,Normal,227000
1538,8847,1538.0,8,5,2005,2005,3,2,0,7,0,2.0,484.0,Somerst,Y,Normal,260000
1496,9158,1496.0,8,5,2007,2007,3,2,0,7,0,2.0,474.0,Somerst,Y,Partial,225000
1506,8251,1494.0,7,5,2005,2006,3,2,0,7,1,2.0,672.0,Somerst,Y,Normal,249000
1694,10084,1686.0,8,5,2004,2005,3,2,0,7,1,2.0,636.0,Somerst,Y,Normal,307000
1977,9605,982.0,7,5,2006,2006,3,2,1,7,0,3.0,574.0,Somerst,Y,Family,250000
1830,8778,1302.0,8,5,2006,2006,3,2,1,7,0,3.0,859.0,Somerst,Y,Normal,221300
1338,8640,1338.0,8,5,2007,2007,3,2,0,6,0,2.0,598.0,Somerst,Y,Partial,208900
1335,9000,1335.0,7,5,2006,2007,3,2,0,6,0,2.0,575.0,Somerst,Y,Partial,210400
1792,8640,896.0,8,5,2007,2007,3,2,1,8,0,2.0,590.0,Somerst,Y,Partial,255000
1588,10411,725.0,5,5,2007,2007,3,3,0,8,0,2.0,561.0,Somerst,Y,Partial,212109
1959,9000,1088.0,8,5,2006,2006,3,2,1,8,1,3.0,1025.0,Somerst,Y,Normal,270000
2610,9000,1184.0,8,5,2007,2007,4,2,1,11,1,2.0,550.0,Somerst,Y,Partial,303477
1880,12217,955.0,8,5,2007,2007,3,2,1,8,1,3.0,880.0,Somerst,Y,Partial,310013
1656,11096,1656.0,8,5,2006,2006,3,2,0,7,0,3.0,826.0,Somerst,Y,Normal,249700
1761,10207,874.0,7,6,2007,2007,3,3,0,7,0,2.0,578.0,Somerst,Y,Partial,227875
1584,10440,1574.0,8,5,2007,2007,2,2,0,6,1,2.0,594.0,Somerst,Y,Partial,261329
1685,11824,1685.0,8,5,2006,2006,2,2,0,5,1,3.0,658.0,Somerst,Y,Normal,253000
2443,10625,1158.0,6,5,2004,2004,4,2,1,9,1,3.0,744.0,Somerst,Y,Normal,265000
2466,11143,1580.0,8,5,2004,2005,4,3,0,8,1,2.0,610.0,Somerst,Y,Normal,340000
1100,7500,1100.0,6,5,2006,2007,3,1,1,6,0,0.0,0.0,SawyerW,Y,Partial,146000
1143,7500,1143.0,7,5,2006,2006,3,1,1,5,0,0.0,0.0,SawyerW,Y,Normal,147000
1094,12450,1094.0,5,5,2003,2004,3,1,0,6,0,2.0,576.0,SawyerW,Y,Normal,149000
1486,7441,1461.0,7,5,2006,2006,3,2,0,7,0,2.0,566.0,SawyerW,Y,Normal,181000
1721,8462,928.0,6,5,1994,1994,3,2,1,7,0,2.0,471.0,SawyerW,Y,Normal,201000
1820,11613,864.0,6,5,1993,1997,3,2,1,7,0,2.0,492.0,SawyerW,Y,Normal,191750
1349,8450,1349.0,7,5,2000,2001,3,2,0,6,0,2.0,539.0,SawyerW,Y,Normal,179000
1494,16196,1482.0,7,5,1998,1998,3,2,0,5,1,2.0,514.0,SawyerW,Y,Normal,215000
1575,8012,1575.0,6,5,1992,1992,2,2,0,5,0,2.0,529.0,SawyerW,Y,Normal,179200
1266,8012,630.0,6,5,1980,1980,2,1,1,5,2,1.0,283.0,SawyerW,Y,Normal,128000
884,9180,840.0,5,7,1983,1983,2,1,0,5,0,2.0,504.0,SawyerW,Y,Normal,144000
2020,8400,0.0,5,5,1977,1977,4,2,0,10,2,2.0,630.0,SawyerW,Y,Normal,144000
894,6285,894.0,5,5,1977,1977,2,1,0,5,0,1.0,308.0,Sawyer,Y,Normal,120750
970,8480,970.0,5,6,1963,1963,2,1,0,5,0,2.0,624.0,Sawyer,Y,Normal,132500
1057,7420,1057.0,5,5,1962,1962,3,1,0,6,0,2.0,576.0,Sawyer,Y,Normal,132000
999,7758,999.0,5,7,1962,2001,3,1,0,6,0,1.0,264.0,Sawyer,Y,Normal,132500
1120,6970,1040.0,4,5,1961,1961,3,1,1,5,0,2.0,544.0,Sawyer,Y,Normal,129000
1696,13673,1140.0,5,5,1962,1962,3,1,1,8,1,1.0,349.0,Sawyer,Y,Normal,143900
1040,7476,1040.0,5,7,1968,1968,3,1,1,5,0,2.0,686.0,Sawyer,Y,Normal,145000
988,9945,988.0,5,5,1961,1961,3,1,0,5,0,2.0,572.0,Sawyer,Y,Normal,128500
902,6173,876.0,5,6,1967,1967,3,1,0,6,0,1.0,288.0,Sawyer,Y,Normal,125500
2503,19522,1223.0,7,5,1990,1990,3,2,1,7,1,2.0,564.0,Veenker,Y,Normal,300000
2167,17542,1192.0,7,7,1974,2003,3,2,1,9,2,2.0,518.0,Veenker,Y,Normal,294000
1037,10751,1037.0,5,5,1974,1974,2,1,0,5,0,2.0,431.0,Sawyer,Y,Normal,129000
1701,16647,1390.0,5,5,1975,1981,3,2,0,6,2,2.0,611.0,Sawyer,Y,Normal,171000
1055,12712,1044.0,6,7,1973,2006,2,1,0,5,1,2.0,542.0,Sawyer,Y,Abnorml,147000
2810,9572,1453.0,8,5,1990,1990,4,2,1,9,1,2.0,750.0,NoRidge,Y,Normal,302000
2872,10678,1683.0,8,5,1992,2000,4,2,1,9,1,2.0,541.0,NoRidge,Y,Normal,285000
1378,4379,1378.0,8,5,2004,2004,2,2,0,6,1,2.0,540.0,Somerst,Y,Normal,214000
1151,3523,1141.0,8,5,2006,2007,2,2,0,5,0,2.0,484.0,Somerst,Y,Partial,166000
1565,3784,1511.0,8,5,2006,2007,2,2,0,5,0,2.0,476.0,Somerst,Y,Partial,193800
1352,4230,1352.0,7,5,2006,2007,2,2,0,5,1,2.0,466.0,Somerst,Y,Partial,208900
1352,3606,1352.0,7,5,2006,2007,2,2,0,5,1,2.0,466.0,Somerst,Y,Partial,194000
1550,5330,1550.0,8,5,2006,2007,2,2,1,5,0,2.0,528.0,Somerst,Y,Partial,207500
1241,4274,1241.0,7,5,2006,2007,1,1,1,4,0,2.0,569.0,Somerst,Y,Partial,199900
1250,4251,625.0,7,5,2006,2007,2,2,1,5,0,2.0,528.0,Somerst,Y,Partial,164700
1501,2280,744.0,6,5,1999,1999,3,2,1,6,1,2.0,440.0,Somerst,Y,Normal,176500
1458,3230,729.0,6,5,1999,1999,2,2,1,5,1,2.0,440.0,Somerst,Y,Normal,176000
1512,2117,756.0,6,5,2000,2000,2,2,1,4,1,2.0,440.0,Somerst,Y,Normal,168500
1573,2117,756.0,6,5,2000,2000,3,2,1,4,0,2.0,440.0,Somerst,Y,Normal,177000
1525,2117,756.0,6,5,2000,2000,3,2,1,5,1,2.0,440.0,Somerst,Y,Normal,177000
1102,5105,551.0,7,5,2004,2004,2,2,1,4,0,2.0,480.0,Somerst,Y,Normal,148800
1441,2645,776.0,8,5,1999,2000,2,2,1,5,0,2.0,492.0,Somerst,Y,Normal,174000
1950,7399,975.0,7,5,1997,1998,3,2,1,7,1,2.0,576.0,Somerst,Y,Normal,239000
1358,7321,1339.0,7,5,1999,2000,3,2,0,5,0,2.0,625.0,Somerst,Y,Normal,204000
2048,8010,1054.0,8,5,2003,2004,3,2,1,8,2,2.0,552.0,Somerst,Y,Normal,301000
2362,8413,1220.0,8,5,1998,1998,3,2,1,8,2,2.0,1105.0,Somerst,Y,Normal,312500
1494,9466,1494.0,8,5,1994,1995,1,1,1,5,1,2.0,478.0,Veenker,Y,Normal,279700
2362,12000,2002.0,7,6,1980,1980,3,2,1,8,1,2.0,546.0,Veenker,Y,Normal,255000
1432,16157,1360.0,5,7,1978,1978,2,1,1,5,1,2.0,588.0,Veenker,Y,Normal,194000
1437,10768,1437.0,5,8,1976,2004,3,2,0,6,1,2.0,528.0,Veenker,Y,Normal,218000
1295,3840,1057.0,8,6,1978,1998,1,1,0,4,2,2.0,571.0,Greens,Y,Normal,213750
1855,9600,528.0,6,7,1976,1994,3,2,1,7,1,2.0,512.0,Veenker,Y,Normal,187000
1262,9600,1262.0,6,8,1976,1976,3,2,0,6,1,2.0,460.0,Veenker,Y,Normal,181500
2497,17778,2461.0,8,5,1981,1981,2,2,0,7,2,2.0,676.0,Veenker,Y,Normal,373000
2620,18890,1361.0,5,5,1977,1977,4,2,2,12,1,2.0,600.0,Sawyer,Y,Normal,190000
1929,7050,1057.0,7,5,2001,2001,3,2,1,7,1,2.0,650.0,Somerst,Y,Normal,226000
1152,11700,912.0,6,6,1968,1968,3,1,1,7,0,2.0,412.0,NWAmes,Y,Normal,143450
2411,8000,1008.0,6,6,1970,1970,4,2,1,8,1,2.0,570.0,NWAmes,Y,Normal,240050
1082,8723,973.0,6,6,1969,1969,3,1,0,6,0,2.0,480.0,NWAmes,Y,Normal,162500
1295,11700,1295.0,6,5,1968,1968,3,1,1,6,0,2.0,528.0,NWAmes,Y,Normal,164000
1610,11358,1124.0,7,7,1972,1987,3,2,0,8,1,2.0,515.0,NWAmes,Y,Normal,185000
1594,9547,1594.0,7,6,1993,1993,2,2,0,6,1,2.0,472.0,NWAmes,Y,Normal,188500
2075,10530,1148.0,7,6,1993,1993,3,2,1,8,1,2.0,473.0,NWAmes,Y,Normal,255000
1680,11500,1680.0,5,6,1976,1976,4,2,0,8,0,2.0,528.0,NWAmes,Y,Normal,136905
1093,10738,1093.0,6,7,1966,1966,3,2,0,6,1,2.0,484.0,NWAmes,Y,Normal,158500
1242,9600,1242.0,7,6,1973,1973,3,1,1,6,1,2.0,528.0,NWAmes,Y,Normal,175500
1052,10800,1052.0,6,5,1963,1963,3,1,0,6,0,1.0,311.0,NWAmes,Y,Normal,127000
1107,8050,949.0,5,6,1967,1993,3,1,0,5,0,1.0,308.0,NAmes,Y,Normal,127000
1214,10355,1214.0,5,5,1967,1967,3,2,0,5,1,1.0,318.0,NAmes,Y,Normal,143000
1073,10289,1073.0,5,7,1965,1965,3,1,1,6,0,2.0,515.0,NAmes,Y,Normal,156000
1344,9503,1024.0,5,5,1958,1983,2,1,0,6,1,1.0,484.0,NAmes,Y,Normal,144000
1728,10624,1728.0,5,4,1964,1964,6,2,0,10,0,1.0,352.0,NAmes,Y,Normal,119000
1224,10899,0.0,4,5,1964,1964,2,2,0,8,0,3.0,530.0,NAmes,N,Normal,103000
1422,12342,978.0,5,5,1960,1978,3,1,0,6,1,1.0,286.0,NAmes,Y,Normal,139900
958,12772,958.0,6,8,1960,1998,2,1,0,5,0,1.0,301.0,NAmes,Y,Normal,151500
1065,8892,1065.0,5,5,1960,1960,3,1,1,6,0,2.0,461.0,NAmes,Y,Normal,126500
1138,10482,588.0,6,8,1958,1958,3,1,0,6,0,1.0,264.0,NAmes,Y,Normal,145000
912,7535,912.0,5,7,1958,1985,2,1,0,5,0,1.0,297.0,NAmes,Y,Normal,120000
1074,7450,894.0,5,5,1956,1956,2,1,0,6,1,2.0,396.0,NAmes,Y,Normal,124000
882,8339,0.0,5,7,1959,1959,3,1,0,5,0,1.0,294.0,NAmes,Y,Normal,106500
1187,14357,864.0,5,5,1961,1961,2,1,0,6,1,2.0,440.0,NAmes,Y,Normal,140500
964,8243,964.0,5,7,1961,1961,3,1,0,5,1,2.0,784.0,NAmes,Y,Normal,137500
894,8680,894.0,5,7,1960,1960,3,1,0,5,0,1.0,312.0,NAmes,Y,Normal,117600
1200,8800,1174.0,7,6,1966,1966,3,2,0,6,1,2.0,440.0,NAmes,Y,Normal,163500
1042,9200,1042.0,6,5,1965,1965,3,2,0,5,0,2.0,440.0,NAmes,Y,Normal,161000
1302,9350,1302.0,6,7,1964,1991,3,2,0,7,0,1.0,309.0,NAmes,Y,Normal,158000
2154,8800,845.0,6,7,1964,1997,5,2,1,8,1,2.0,539.0,NAmes,Y,Normal,224500
1374,11382,1130.0,6,5,1964,1964,3,1,0,7,1,1.0,286.0,NAmes,Y,Normal,147000
1652,22002,1592.0,6,7,1959,1991,3,1,1,6,1,2.0,510.0,NAmes,Y,Normal,200000
1429,14585,1144.0,6,6,1960,1987,3,1,0,7,2,2.0,572.0,NAmes,Y,Normal,181900
1327,7388,1063.0,5,6,1959,2002,3,1,0,7,0,2.0,624.0,NAmes,Y,Normal,150750
1224,9842,0.0,4,5,1962,1962,2,2,0,6,0,2.0,462.0,NAmes,Y,Normal,101800
932,8280,932.0,6,5,1950,1950,2,1,0,4,1,1.0,306.0,NAmes,Y,Normal,124000
908,12172,822.0,5,7,1940,1996,2,1,0,4,0,2.0,512.0,NAmes,Y,Normal,138500
334,5000,0.0,1,3,1946,1950,1,1,0,2,0,0.0,0.0,BrkSide,N,Normal,39300
666,5000,666.0,3,3,1946,1950,2,1,0,4,0,0.0,0.0,BrkSide,N,Normal,64500
670,3500,370.0,3,5,1945,1950,2,1,0,4,0,0.0,0.0,BrkSide,N,Normal,64000
808,5175,808.0,5,8,1958,2000,2,1,0,5,0,1.0,308.0,BrkSide,Y,Normal,112000
1977,9500,816.0,6,6,1964,1978,4,1,1,9,1,2.0,540.0,NAmes,Y,Normal,165000
1150,9600,1078.0,5,6,1955,1955,2,1,0,6,0,1.0,288.0,NAmes,Y,Normal,144000
1920,11345,928.0,5,5,1948,1950,4,2,0,10,0,2.0,400.0,NAmes,Y,Normal,137000
1376,9492,768.0,5,5,1941,1950,3,1,0,6,1,1.0,240.0,NAmes,Y,Normal,105000
1644,9480,728.0,5,7,1942,1995,3,1,1,7,2,1.0,312.0,NAmes,Y,Normal,146500
1560,8668,1560.0,5,5,1968,1968,4,2,0,8,0,3.0,792.0,NAmes,Y,Normal,126000
1280,10050,793.0,5,6,1966,1966,3,2,0,6,1,2.0,432.0,NAmes,Y,Normal,175000
1254,9600,1218.0,6,5,1961,1961,3,1,0,6,1,2.0,525.0,NAmes,Y,Normal,158500
912,10150,912.0,5,5,1958,1958,2,1,0,5,0,1.0,275.0,NAmes,Y,Normal,114500
1524,11344,874.0,5,5,1958,1958,3,1,1,7,0,1.0,315.0,NAmes,Y,Normal,144000
2380,18450,1021.0,6,5,1965,1979,3,2,1,7,1,2.0,596.0,NAmes,Y,Abnorml,129000
936,8760,936.0,6,7,1957,1999,2,1,0,4,0,1.0,315.0,NAmes,Y,Normal,141000
1008,6860,1008.0,5,6,1956,1956,3,1,0,6,0,1.0,308.0,NAmes,Y,Normal,131000
1053,8250,1053.0,5,7,1963,1963,3,1,0,6,0,2.0,692.0,NAmes,Y,Normal,142100
1056,8176,1056.0,5,6,1958,1992,3,1,0,6,0,1.0,308.0,NAmes,Y,Normal,139000
1442,9750,1442.0,6,6,1958,1958,4,1,1,7,0,1.0,301.0,NAmes,Y,Normal,157900
1056,9250,1056.0,5,7,1954,2005,3,1,0,6,0,1.0,260.0,NAmes,Y,Normal,139400
1244,11988,1244.0,6,6,1957,1957,3,1,1,6,2,1.0,336.0,NAmes,Y,Normal,150000
1144,9100,1144.0,5,5,1960,1960,3,1,0,6,1,1.0,336.0,NAmes,Y,Normal,120000
1721,9736,1331.0,6,6,1957,1969,4,1,0,8,3,2.0,464.0,NAmes,Y,Normal,174850
922,9770,922.0,5,5,1957,1957,2,1,0,5,0,1.0,308.0,NAmes,Y,Normal,116000
1048,10152,1048.0,5,5,1956,1956,3,1,0,6,0,1.0,286.0,NAmes,Y,Normal,135000
1657,12155,1657.0,6,3,1970,1970,3,2,0,7,1,2.0,484.0,NAmes,Y,Normal,163500
1411,12198,1204.0,5,6,1955,1975,3,1,0,7,1,1.0,310.0,NAmes,Y,Normal,130000
1216,10050,1216.0,5,5,1955,1955,3,1,0,5,0,1.0,336.0,NAmes,Y,Normal,129500
1154,11556,864.0,5,9,1953,2006,3,1,1,6,0,1.0,336.0,NAmes,Y,Normal,142000
1560,8078,1560.0,5,5,1958,1958,4,2,0,8,0,2.0,484.0,NAmes,Y,Normal,128600
948,10950,948.0,6,6,1952,1952,2,1,0,5,0,2.0,410.0,NAmes,Y,Normal,125000
1040,7942,1040.0,6,7,1953,1953,3,1,0,6,0,1.0,293.0,NAmes,Y,Normal,136000
1008,8923,1008.0,5,7,1953,2006,2,1,0,6,0,1.0,240.0,NAmes,Y,Normal,134500
925,8540,925.0,5,8,1956,2003,3,1,0,5,0,1.0,252.0,NAmes,Y,Normal,127000
1360,7134,384.0,5,5,1955,1955,3,1,0,6,1,2.0,572.0,NAmes,Y,Normal,130000
1540,7150,1190.0,4,4,1955,1955,4,1,0,7,0,1.0,352.0,NAmes,Y,Normal,115000
925,8400,923.0,5,5,1955,1955,3,1,0,5,2,1.0,390.0,NAmes,Y,Normal,116900
928,13300,928.0,5,7,1956,2000,2,1,0,4,0,1.0,252.0,NAmes,Y,Normal,132000
1647,9532,1105.0,4,6,1953,1953,3,1,0,6,1,1.0,280.0,NAmes,Y,Normal,153000
924,15783,924.0,5,5,1952,1952,2,1,0,6,0,1.0,420.0,OldTown,Y,Normal,112500
1544,14190,925.0,4,7,1890,2006,3,2,0,7,0,0.0,0.0,OldTown,Y,Normal,138000
893,9600,845.0,5,7,1949,2003,2,1,0,4,0,2.0,576.0,NAmes,Y,Normal,135000
1728,12099,1216.0,5,6,1953,2004,3,1,0,7,1,1.0,371.0,NAmes,Y,Normal,156000
3086,21281,666.0,5,4,1935,2007,4,3,1,9,0,3.0,1200.0,NAmes,Y,Family,301600
1034,10134,735.0,5,6,1940,1950,2,1,0,5,0,1.0,240.0,OldTown,Y,Normal,109000
882,5500,882.0,4,6,1956,1956,1,1,0,4,0,0.0,0.0,OldTown,Y,Normal,103200
1281,10284,1151.0,4,7,1925,1993,1,2,0,6,0,2.0,580.0,OldTown,Y,Abnorml,128500
968,10800,656.0,4,6,1927,2007,4,2,0,5,0,1.0,216.0,OldTown,Y,Normal,64500
1534,10800,736.0,5,9,1895,1999,3,1,1,6,0,0.0,0.0,OldTown,Y,Normal,148000
691,5400,691.0,5,6,1920,1950,2,1,0,4,0,1.0,216.0,OldTown,Y,Abnorml,86000
1651,10090,725.0,7,5,1963,1999,4,2,0,6,2,1.0,276.0,NAmes,Y,Normal,172000
888,8700,920.0,5,7,1961,1961,3,1,0,5,0,1.0,240.0,NAmes,Y,Abnorml,120000
952,8300,952.0,6,6,1968,1968,3,1,0,5,0,1.0,288.0,NAmes,Y,Normal,128500
2080,11606,1040.0,5,5,1969,1969,5,1,2,9,2,2.0,504.0,NAmes,Y,Family,135000
924,8064,672.0,5,7,1949,2006,3,1,0,6,1,2.0,576.0,NAmes,Y,Normal,122900
1082,11664,1082.0,6,5,1948,1950,2,1,0,5,1,1.0,240.0,NAmes,Y,Normal,119200
1846,10496,1040.0,6,6,1949,1950,3,2,0,7,1,1.0,315.0,NAmes,Y,Normal,143000
988,7200,876.0,5,7,1950,1950,3,1,0,6,0,1.0,276.0,NAmes,Y,Normal,119000
1238,7200,864.0,5,3,1950,1950,3,1,1,6,1,1.0,357.0,NAmes,Y,Normal,102000
864,7200,864.0,5,8,1950,2002,3,1,0,5,0,2.0,720.0,NAmes,Y,Normal,129000
1134,7000,1010.0,5,7,1960,2002,2,1,0,6,0,1.0,254.0,NAmes,Y,Family,135000
1040,7500,1040.0,5,7,1959,2003,3,1,0,6,0,1.0,286.0,NAmes,Y,Normal,152000
1170,7315,1170.0,5,6,1958,1958,3,1,0,6,1,1.0,338.0,NAmes,Y,Normal,140000
1242,7903,1242.0,5,5,1960,1960,3,1,1,6,0,1.0,324.0,NAmes,Y,Family,152000
1377,8000,1377.0,5,5,1960,1960,3,1,0,6,2,1.0,351.0,NAmes,Y,Normal,156500
1800,8000,1800.0,5,4,1961,1961,6,2,0,10,0,0.0,0.0,NAmes,N,Normal,141000
925,7000,0.0,5,6,1961,1961,3,1,0,7,0,1.0,300.0,NAmes,Y,Normal,99000
1851,9760,822.0,6,8,1964,1993,3,2,1,7,1,2.0,440.0,NAmes,Y,Normal,187000
1812,7590,864.0,5,5,1962,1962,4,2,0,8,1,1.0,264.0,NAmes,Y,Normal,169500
864,6600,864.0,5,5,1962,1962,2,1,0,5,0,1.0,294.0,NAmes,Y,Normal,125500
936,6760,896.0,5,5,1962,1962,3,1,0,6,1,1.0,288.0,NAmes,Y,Normal,130000
960,6978,850.0,5,7,1926,1980,2,1,0,5,0,2.0,576.0,OldTown,Y,Normal,103000
1432,9600,264.0,5,7,1910,2002,2,2,0,7,0,2.0,360.0,OldTown,Y,Abnorml,132000
1296,6000,845.0,6,6,1927,1950,3,1,0,6,0,2.0,576.0,OldTown,Y,Normal,127500
1022,4480,1022.0,5,5,1922,1950,2,1,0,4,1,1.0,184.0,OldTown,N,Normal,89500
936,7200,936.0,5,5,1980,1980,2,1,0,4,0,2.0,672.0,OldTown,Y,Normal,140000
967,3153,967.0,5,6,1920,1990,2,1,0,5,1,1.0,180.0,OldTown,Y,Normal,99900
1047,10800,641.0,4,7,1885,1995,2,1,0,6,0,1.0,273.0,OldTown,Y,Normal,100000
1072,7200,808.0,5,8,1940,1950,2,1,0,5,2,2.0,379.0,OldTown,Y,Normal,130000
1174,9000,680.0,5,8,1900,2006,2,1,0,6,1,2.0,576.0,OldTown,Y,Normal,135000
1183,6000,649.0,3,7,1948,2002,2,1,1,6,0,1.0,308.0,OldTown,Y,Normal,120000
1131,5925,907.0,4,7,1937,2000,2,1,0,7,0,2.0,672.0,OldTown,Y,Alloca,89471
1141,5925,570.0,4,6,1900,1950,3,1,0,6,0,1.0,252.0,OldTown,N,Normal,85000
960,6000,960.0,4,4,1920,1950,2,1,0,5,0,1.0,308.0,OldTown,Y,Normal,108500
1798,9639,1075.0,4,8,1900,1950,4,2,1,7,0,2.0,342.0,OldTown,Y,Normal,137000
866,3880,686.0,5,9,1945,1997,2,1,0,4,0,0.0,0.0,OldTown,Y,Normal,110500
968,8520,968.0,5,6,1923,2006,2,1,0,5,0,2.0,480.0,OldTown,Y,Normal,100000
1772,10337,725.0,8,9,1910,1999,3,2,1,7,0,2.0,816.0,OldTown,N,Normal,184900
1642,9863,728.0,6,6,1927,1950,4,1,1,9,1,1.0,374.0,OldTown,Y,Abnorml,145000
1472,9600,702.0,5,8,1925,1994,3,1,0,6,0,1.0,250.0,OldTown,Y,Normal,125000
1232,4571,616.0,5,7,1910,1950,3,1,0,6,0,2.0,480.0,OldTown,Y,Normal,114000
2337,13600,662.0,5,5,1900,1950,5,2,0,10,0,2.0,560.0,OldTown,N,Normal,90000
1650,8398,926.0,6,8,1910,1990,3,2,0,6,0,2.0,468.0,OldTown,Y,Normal,144100
2210,9900,1008.0,6,4,1880,1950,5,2,0,8,0,1.0,205.0,OldTown,Y,Normal,117500
1358,3600,687.0,5,7,1930,2005,3,1,1,6,1,1.0,336.0,OldTown,Y,Partial,124500
2454,13500,819.0,7,8,1879,1987,3,2,0,8,1,2.0,576.0,OldTown,Y,Normal,185000
2291,7200,1214.0,6,6,1910,1998,4,2,0,9,1,2.0,506.0,OldTown,N,Normal,133900
1616,5400,1149.0,6,7,1926,2004,3,2,0,5,0,1.0,216.0,OldTown,Y,Normal,152000
1559,8100,1559.0,5,6,1948,1973,2,1,0,5,0,2.0,812.0,OldTown,Y,Normal,153500
2554,10800,718.0,7,8,1890,1998,3,1,1,8,0,2.0,704.0,OldTown,Y,Normal,159500
1248,9439,912.0,5,5,1930,1950,2,1,0,6,0,1.0,160.0,OldTown,Y,Normal,87000
968,8626,0.0,4,6,1956,1956,2,1,0,5,0,1.0,331.0,OldTown,Y,Normal,104500
1382,11800,0.0,4,7,1949,2002,1,2,0,6,1,1.0,384.0,OldTown,Y,Normal,110000
1060,6854,756.0,5,7,1925,1994,1,1,0,6,1,1.0,308.0,BrkSide,N,Normal,136500
1435,8674,910.0,5,6,1950,1950,3,1,0,6,0,1.0,308.0,BrkSide,Y,Normal,128250
1167,8731,915.0,5,5,1920,1950,3,1,0,6,1,2.0,495.0,BrkSide,Y,Normal,144000
1635,8737,1065.0,6,7,1923,1950,3,1,1,6,1,2.0,440.0,BrkSide,Y,Normal,210000
1274,6125,728.0,5,7,1939,1998,3,2,0,6,0,1.0,224.0,BrkSide,Y,Normal,135000
1232,6000,600.0,6,6,1939,1950,3,1,1,6,2,1.0,217.0,BrkSide,Y,Normal,128000
1218,6000,735.0,6,6,1941,1950,3,1,0,6,1,2.0,440.0,BrkSide,Y,Normal,131000
884,6120,884.0,5,7,1939,1950,2,1,0,5,0,1.0,240.0,BrkSide,Y,Normal,113000
1409,6240,861.0,6,5,1938,1950,3,1,1,6,1,2.0,528.0,BrkSide,Y,Normal,126000
1322,6240,672.0,5,8,1939,1952,4,1,0,7,0,1.0,280.0,BrkSide,Y,Normal,132000
1426,6240,966.0,5,7,1930,1992,3,1,0,6,1,1.0,230.0,BrkSide,Y,Normal,131750
1281,6120,756.0,5,6,1926,1950,2,1,0,6,0,2.0,379.0,BrkSide,Y,Normal,132500
1513,6120,939.0,5,8,1920,2004,4,1,1,8,0,1.0,180.0,BrkSide,Y,Normal,137500
854,6120,832.0,7,8,1929,2001,2,1,0,5,0,2.0,576.0,BrkSide,Y,Normal,132000
1367,6240,884.0,6,6,1931,1950,3,1,0,6,1,1.0,560.0,BrkSide,Y,Normal,127500
986,6180,960.0,6,5,1926,1950,2,1,0,5,1,1.0,180.0,BrkSide,N,Normal,102000
2264,7755,1100.0,6,8,1918,1995,4,2,1,8,0,1.0,408.0,OldTown,Y,Normal,200000
1824,13515,764.0,6,6,1919,1950,3,1,0,8,1,2.0,520.0,BrkSide,Y,Normal,180500
1376,8850,768.0,6,7,1920,1950,3,1,0,7,0,2.0,576.0,BrkSide,Y,Normal,165000
1316,8550,750.0,5,5,1926,1950,4,1,0,7,0,2.0,576.0,BrkSide,Y,Family,90000
1396,8730,698.0,6,7,1915,2003,3,1,0,7,0,1.0,384.0,BrkSide,Y,Normal,153575
1344,5700,672.0,7,6,1929,1990,3,1,1,6,1,2.0,456.0,OldTown,N,Normal,140000
2526,8520,714.0,6,7,1916,1950,5,2,0,10,1,1.0,216.0,OldTown,N,Family,136000
1173,5680,592.0,5,4,1901,1950,3,2,0,7,0,1.0,240.0,OldTown,N,AdjLand,113000
1214,5680,969.0,5,3,1901,1950,2,1,0,6,0,1.0,216.0,OldTown,N,AdjLand,117000
1818,7758,1040.0,7,4,1931,1950,4,1,1,7,2,1.0,240.0,IDOTRR,Y,Normal,169500
1108,7449,637.0,7,7,1930,1950,3,1,0,6,1,1.0,280.0,IDOTRR,Y,Normal,139400
2294,13200,741.0,6,6,1963,1963,5,3,0,9,1,2.0,658.0,IDOTRR,Y,Normal,202500
1355,6882,684.0,6,7,1914,2006,3,1,1,7,0,0.0,0.0,IDOTRR,Y,Normal,127000
1375,9000,780.0,6,6,1937,1950,3,1,1,6,1,1.0,544.0,IDOTRR,Y,Normal,141000
1952,9780,976.0,7,9,1950,2005,4,1,1,8,2,1.0,299.0,IDOTRR,Y,Normal,212300
2180,10320,1138.0,6,5,1915,1950,3,1,1,7,1,2.0,720.0,IDOTRR,Y,Normal,161000
1315,4330,808.0,4,6,1958,1958,3,2,0,5,0,2.0,436.0,IDOTRR,Y,Abnorml,99500
1111,7200,530.0,5,7,1920,1996,3,1,0,6,0,1.0,288.0,IDOTRR,N,Normal,101000
1196,4800,1196.0,4,7,1916,1990,2,1,0,5,0,2.0,440.0,IDOTRR,Y,Normal,109900
1382,12358,720.0,5,6,1941,1950,2,1,1,7,0,2.0,660.0,OldTown,Y,Normal,128500
1889,10120,925.0,7,4,1910,1950,4,1,1,9,1,1.0,308.0,OldTown,N,Normal,122000
840,4388,672.0,5,7,1930,1950,3,1,0,5,1,0.0,0.0,OldTown,Y,Normal,87000
1484,10320,771.0,4,1,1910,1950,3,2,0,6,0,1.0,264.0,IDOTRR,Y,Abnorml,50000
2267,12888,1005.0,7,8,1937,1980,3,1,1,7,2,2.0,498.0,Sawyer,Y,Normal,219000
3086,18030,1598.0,5,6,1946,1994,3,3,0,12,1,0.0,0.0,ClearCr,Y,Normal,200500
1134,8160,756.0,5,6,1940,1950,3,1,1,7,0,1.0,240.0,Edwards,N,AdjLand,126000
1282,4484,672.0,5,6,1942,1979,2,1,0,4,0,1.0,240.0,SWISU,N,Normal,108500
999,11235,925.0,5,5,1963,1963,3,1,0,6,0,1.0,308.0,Sawyer,Y,Normal,130000
1452,11235,1420.0,5,5,1964,1980,2,1,0,6,1,2.0,572.0,Sawyer,Y,Normal,158450
1005,14299,1005.0,4,3,1964,1964,3,1,0,5,0,2.0,440.0,Sawyer,Y,Normal,115400
1029,7943,1029.0,4,5,1961,1961,3,1,0,5,0,1.0,261.0,Sawyer,Y,Normal,118500
1020,14149,980.0,5,8,1964,2001,3,2,0,5,1,2.0,528.0,Sawyer,Y,Normal,165000
1040,11677,1040.0,5,4,1966,1966,3,1,0,6,0,1.0,264.0,Sawyer,Y,Normal,123000
913,8400,814.0,6,5,1966,1966,3,1,0,6,0,1.0,240.0,Sawyer,Y,Normal,129000
894,7094,894.0,5,5,1966,1966,3,1,0,5,0,1.0,384.0,Sawyer,Y,Normal,125000
948,8978,948.0,5,5,1968,1968,3,1,0,6,0,1.0,300.0,Sawyer,Y,Family,108000
868,8425,768.0,5,6,1971,1990,2,1,0,6,0,2.0,576.0,Sawyer,Y,Normal,119900
897,8665,876.0,5,5,1968,1968,3,1,0,5,0,1.0,264.0,Sawyer,Y,Normal,115000
943,8398,943.0,5,5,1967,1967,2,1,0,5,0,2.0,528.0,Sawyer,Y,Normal,134500
955,7742,955.0,5,7,1966,1966,3,1,0,6,0,1.0,386.0,Sawyer,Y,Normal,127000
894,8724,894.0,5,5,1968,1968,3,1,0,5,1,2.0,450.0,Sawyer,Y,Normal,129000
1285,8197,660.0,6,5,1977,1977,3,1,1,7,1,2.0,528.0,Sawyer,Y,Normal,143500
912,8169,912.0,5,7,1966,1966,3,1,0,6,0,1.0,315.0,Sawyer,Y,Normal,129000
1375,14175,1240.0,5,5,1956,1998,3,1,0,6,1,1.0,323.0,Sawyer,Y,Normal,187000
2654,16779,671.0,5,4,1920,1996,4,3,0,11,1,2.0,638.0,Sawyer,Y,Normal,158000
1416,25339,816.0,5,7,1918,2007,3,2,0,7,0,2.0,576.0,Sawyer,Y,Normal,112000
1302,6960,680.0,7,8,1940,1998,2,1,1,6,2,1.0,224.0,Sawyer,Y,Normal,165250
1299,11375,967.0,6,5,1954,1995,3,1,0,6,1,2.0,494.0,Sawyer,Y,Normal,150000
1176,13770,1158.0,5,6,1958,1998,3,1,0,6,2,1.0,303.0,Sawyer,Y,Normal,137000
998,9000,0.0,4,7,1945,1950,3,1,0,5,0,2.0,460.0,Sawyer,N,Normal,89500
1824,115149,1643.0,7,5,1971,2002,2,2,0,5,2,2.0,739.0,ClearCr,Y,Normal,302000
1522,11075,1190.0,6,5,1984,1984,3,2,0,7,1,2.0,552.0,ClearCr,Y,Normal,182000
2060,10029,1151.0,6,5,1988,1989,4,2,1,8,1,2.0,521.0,ClearCr,Y,Normal,211000
1325,17541,409.0,5,7,1948,2005,3,2,0,6,1,2.0,576.0,Edwards,Y,Normal,216000
1630,22692,1073.0,5,5,1953,1953,3,2,0,6,1,2.0,649.0,Edwards,Y,Normal,130000
1242,17808,484.0,4,5,1946,1950,2,1,0,4,0,1.0,336.0,Edwards,N,Normal,109900
2422,12671,1288.0,6,7,1954,1994,4,3,0,6,2,2.0,527.0,ClearCr,Y,Normal,255000
2158,12615,1202.0,6,7,1950,2001,4,2,0,7,1,2.0,576.0,Edwards,Y,Normal,243000
1626,10512,988.0,6,6,1954,1954,3,1,1,6,0,1.0,332.0,Edwards,Y,Normal,154000
864,5400,864.0,5,5,1958,1958,3,1,0,6,0,1.0,399.0,SWISU,Y,Normal,118000
943,11515,0.0,4,5,1958,1994,3,1,0,5,0,1.0,308.0,Edwards,N,Normal,80000
1440,7711,1440.0,4,3,1977,1977,4,2,0,8,0,0.0,0.0,Edwards,Y,Abnorml,150000
605,9098,528.0,4,7,1920,2002,2,1,0,5,0,0.0,0.0,Edwards,Y,Normal,86000
1038,3869,1038.0,5,6,1984,1984,2,2,0,5,0,1.0,264.0,Edwards,Y,Normal,130000
1342,9280,1342.0,5,6,1951,1951,4,1,0,7,0,1.0,256.0,Edwards,Y,Normal,125000
1480,11100,1080.0,5,6,1951,1994,4,1,0,7,1,1.0,253.0,Edwards,N,Normal,136500
1362,7550,951.0,4,5,1920,1950,4,2,0,7,0,1.0,280.0,Edwards,N,Normal,96000
1340,9060,0.0,5,6,1957,2006,3,1,0,7,1,1.0,252.0,Edwards,Y,Normal,120000
1822,23920,1105.0,6,5,1984,1984,4,2,0,7,1,2.0,515.0,SawyerW,Y,Normal,228500
1442,10357,910.0,7,5,1990,1991,3,2,0,6,1,2.0,719.0,SawyerW,Y,Normal,179900
2243,13474,700.0,7,5,1990,1991,4,2,1,8,1,3.0,746.0,SawyerW,Y,Normal,225000
2730,10380,1502.0,7,5,1986,1987,4,2,1,8,1,2.0,576.0,SawyerW,Y,Normal,301000
2127,13125,1104.0,7,5,1991,1991,4,2,1,8,1,3.0,833.0,SawyerW,Y,Normal,238000
1982,11287,807.0,7,6,1989,1989,3,2,1,7,1,2.0,575.0,SawyerW,Y,Normal,228500
1958,9317,779.0,7,5,1994,2001,3,2,1,7,1,2.0,499.0,SawyerW,Y,Normal,220000
2696,9965,1264.0,7,5,2007,2007,4,2,1,10,1,3.0,792.0,CollgCr,Y,Partial,383970
2828,9965,1466.0,8,5,2006,2007,4,3,0,11,1,3.0,1052.0,CollgCr,Y,Partial,424870
1651,9178,1643.0,8,5,2007,2007,3,2,0,7,1,3.0,870.0,CollgCr,Y,Partial,250000
2140,10481,2140.0,8,5,2006,2007,3,2,1,8,0,3.0,894.0,CollgCr,Y,Partial,360000
1494,10652,1494.0,7,5,2006,2007,3,2,0,7,1,3.0,840.0,CollgCr,Y,Partial,279500
1316,11175,1316.0,7,5,2007,2007,3,2,0,6,1,2.0,440.0,CollgCr,Y,Partial,200141
1651,10235,1643.0,8,5,2007,2007,3,2,0,7,1,3.0,870.0,CollgCr,Y,Partial,246500
2574,9588,1482.0,8,5,2007,2007,3,2,1,10,1,3.0,868.0,CollgCr,Y,Partial,276000
1274,8814,1274.0,7,5,2005,2007,3,2,0,6,0,2.0,508.0,CollgCr,Y,Partial,203000
1456,11103,728.0,7,5,2006,2006,3,2,1,8,1,2.0,440.0,CollgCr,Y,Partial,155835
1240,8556,1240.0,7,5,2006,2006,2,2,0,5,0,3.0,826.0,CollgCr,Y,Normal,194000
1208,6762,1208.0,7,5,2007,2007,2,2,0,6,0,2.0,628.0,CollgCr,Y,Partial,195400
1546,11750,1546.0,7,5,2005,2006,3,2,0,7,0,3.0,796.0,CollgCr,Y,Normal,217000
1500,8760,1489.0,8,5,2006,2006,3,2,0,7,1,2.0,674.0,CollgCr,Y,Normal,212999
1270,7242,1270.0,7,5,2005,2006,2,2,0,6,0,2.0,524.0,CollgCr,Y,Normal,175900
1795,9316,879.0,7,5,2005,2006,3,2,1,7,0,2.0,578.0,CollgCr,Y,Normal,191000
1314,9317,1314.0,6,5,2006,2006,3,2,0,6,1,2.0,440.0,CollgCr,Y,Normal,176432
2062,14364,1157.0,7,5,1988,1989,3,2,1,7,1,2.0,454.0,SawyerW,Y,Normal,277000
1873,8883,929.0,7,5,1988,1988,3,2,1,7,1,2.0,619.0,SawyerW,Y,Normal,207000
2144,159000,1444.0,6,7,1958,2006,4,2,0,7,2,2.0,389.0,ClearCr,Y,Normal,277000
1953,53107,1580.0,6,5,1992,1992,3,2,1,9,2,2.0,501.0,ClearCr,Y,Normal,240000
2087,12205,832.0,6,8,1966,2007,5,2,1,9,0,2.0,444.0,ClearCr,Y,Normal,187500
1743,20064,966.0,8,6,1976,1976,0,0,1,5,2,2.0,529.0,ClearCr,Y,Normal,279000
1022,14217,1022.0,5,5,1994,1994,3,1,0,6,0,2.0,747.0,CollgCr,Y,Normal,139500
990,8775,990.0,5,5,1994,1994,3,1,0,5,0,1.0,299.0,CollgCr,Y,Normal,126000
1200,11249,1200.0,6,5,1995,1995,3,2,0,6,0,2.0,521.0,CollgCr,Y,Normal,177500
1308,10021,635.0,6,6,1997,2006,3,2,1,6,0,2.0,497.0,CollgCr,Y,Normal,175000
1796,9531,794.0,6,5,1998,1998,3,2,1,7,0,2.0,546.0,CollgCr,Y,Normal,211000
990,8428,990.0,5,7,1994,1994,3,1,0,5,0,1.0,384.0,CollgCr,Y,Normal,146000
1097,16561,1097.0,5,5,1996,1996,3,1,1,6,0,1.0,242.0,CollgCr,Y,Normal,147900
990,8070,990.0,4,5,1994,1995,3,1,0,5,0,0.0,0.0,CollgCr,Y,Normal,123600
1786,9337,824.0,6,5,1997,1997,3,2,1,7,0,2.0,684.0,CollgCr,Y,Normal,204750
1873,10820,988.0,7,5,1999,1999,3,2,1,7,1,2.0,597.0,CollgCr,Y,Normal,235500
1753,12352,853.0,7,5,1998,1999,3,2,1,7,1,2.0,534.0,CollgCr,Y,Normal,217000
1690,9543,845.0,7,5,2001,2001,3,2,1,7,0,2.0,517.0,CollgCr,Y,Normal,190550
1842,8826,985.0,7,5,2000,2000,3,2,1,7,1,2.0,486.0,CollgCr,Y,Normal,217500
1479,10665,1453.0,7,5,2003,2003,3,2,0,7,0,2.0,558.0,CollgCr,Y,Normal,226000
1668,11317,840.0,7,5,2003,2003,3,2,1,8,0,2.0,500.0,CollgCr,Y,Normal,180000
894,11800,864.0,5,5,1974,1974,3,1,0,5,0,2.0,440.0,CollgCr,Y,Family,131000
1025,8660,1015.0,5,5,1976,1976,3,2,0,6,1,2.0,370.0,CollgCr,Y,Normal,153500
1009,9720,995.0,5,7,1977,1977,3,2,0,6,1,2.0,576.0,CollgCr,Y,Normal,160000
1040,8982,1040.0,5,5,1977,1977,3,1,1,5,0,2.0,748.0,CollgCr,Y,Normal,134900
907,16300,876.0,5,4,1977,1977,3,1,0,5,0,1.0,308.0,CollgCr,Y,Normal,130000
879,9675,864.0,5,6,1975,1975,3,1,0,5,0,2.0,440.0,CollgCr,Y,Normal,120000
882,7700,882.0,5,5,1972,1972,3,1,0,5,0,2.0,461.0,CollgCr,Y,Normal,112500
969,10356,969.0,5,6,1975,1975,3,1,1,5,0,2.0,440.0,CollgCr,Y,Normal,122000
864,7200,864.0,5,5,1972,2000,3,1,0,5,0,2.0,576.0,CollgCr,Y,Normal,127000
875,7200,385.0,4,8,1972,2006,3,1,0,5,0,2.0,728.0,CollgCr,Y,Normal,117000
2000,10386,2000.0,8,5,2004,2005,3,2,0,8,0,3.0,888.0,CollgCr,Y,Normal,305900
2169,9375,1284.0,8,5,2002,2002,3,2,1,7,1,2.0,647.0,CollgCr,Y,Normal,228500
1673,11354,1673.0,7,5,2000,2000,3,2,0,7,1,2.0,583.0,CollgCr,Y,Normal,270000
1459,8749,1459.0,7,5,2002,2002,3,2,0,6,1,2.0,527.0,CollgCr,Y,Normal,192000
1932,8749,979.0,7,5,2003,2003,3,2,1,7,1,2.0,610.0,CollgCr,Y,Normal,213000
1729,8158,860.0,7,5,2002,2002,3,2,1,7,0,2.0,542.0,CollgCr,Y,Normal,200000
2452,16226,1028.0,8,5,1998,1999,4,2,1,9,1,2.0,683.0,CollgCr,Y,Normal,267000
1592,11927,1556.0,8,5,1994,1995,3,2,0,7,1,2.0,484.0,CollgCr,Y,Normal,228000
2439,12728,1531.0,8,5,2001,2001,4,2,1,7,1,2.0,560.0,CollgCr,Y,Normal,275000
1992,15295,860.0,7,5,1996,2002,3,2,1,7,2,2.0,608.0,CollgCr,Y,Normal,211000
1668,11248,1626.0,9,5,2002,2002,3,2,0,7,1,3.0,702.0,CollgCr,Y,Normal,285000
2090,10000,1220.0,8,5,1995,1996,3,2,1,8,1,2.0,556.0,CollgCr,Y,Normal,240000
848,4435,848.0,6,5,2003,2003,1,1,0,3,0,2.0,420.0,CollgCr,Y,Normal,131500
1341,17227,1341.0,8,5,1999,2000,1,1,1,5,1,2.0,482.0,CollgCr,Y,Normal,246900
1928,8200,847.0,7,5,2003,2004,4,2,1,8,1,2.0,434.0,CollgCr,Y,Normal,219500
1337,8450,1337.0,7,5,2003,2003,3,2,0,6,0,2.0,531.0,CollgCr,Y,Normal,185000
1476,8145,738.0,7,5,2007,2007,3,2,1,7,0,2.0,552.0,CollgCr,Y,Partial,179400
1797,9245,939.0,7,5,2006,2006,3,2,1,8,0,2.0,639.0,CollgCr,Y,Normal,213500
1422,8500,1422.0,7,5,2004,2004,3,2,0,7,0,2.0,626.0,CollgCr,Y,Normal,179600
1190,8769,1169.0,7,5,2005,2005,2,2,0,5,0,2.0,578.0,CollgCr,Y,Normal,173500
1330,8334,1330.0,6,5,2006,2007,3,2,0,6,1,2.0,437.0,CollgCr,Y,Partial,167840
1491,8333,738.0,7,5,2006,2006,3,2,1,7,1,2.0,484.0,CollgCr,Y,Normal,168675
1536,9045,768.0,5,5,2005,2005,3,2,1,6,0,2.0,400.0,CollgCr,Y,Normal,167000
1214,9170,1214.0,5,7,1965,1965,2,1,0,6,0,2.0,461.0,Edwards,Y,Normal,140000
936,9825,936.0,5,5,1967,1967,2,1,0,4,1,1.0,384.0,Edwards,Y,Abnorml,118500
1088,8308,1088.0,4,6,1963,1963,2,1,0,4,0,2.0,520.0,Edwards,Y,Normal,110000
960,10921,960.0,4,5,1965,1965,3,1,0,6,0,1.0,432.0,Edwards,Y,Normal,94750
1351,16287,901.0,5,6,1925,1950,3,1,0,7,1,2.0,576.0,Edwards,Y,Normal,122000
1179,8240,1179.0,6,6,1960,1960,2,1,0,5,0,2.0,622.0,Edwards,Y,Normal,110000
816,11841,816.0,6,5,1990,1990,3,1,0,5,0,0.0,0.0,Edwards,Y,Normal,118500
1044,6285,960.0,6,6,1976,1976,3,1,0,7,1,2.0,528.0,Edwards,Y,Normal,133500
1113,7917,1143.0,6,7,1976,1976,3,1,1,6,1,1.0,504.0,Edwards,Y,Normal,148000
2233,9555,0.0,5,6,1979,1979,5,2,1,11,0,2.0,579.0,Edwards,Y,Normal,141000
1125,8536,1125.0,5,5,2006,2007,2,1,1,5,0,2.0,430.0,Edwards,Y,Partial,155000
1090,7024,1090.0,5,5,2005,2006,2,1,1,5,0,2.0,450.0,Edwards,Y,Normal,157000
1408,7023,734.0,5,5,2005,2006,3,2,1,6,0,2.0,489.0,Edwards,Y,Normal,171500
5095,39290,5095.0,10,5,2008,2009,2,2,1,15,2,3.0,1154.0,Edwards,Y,Partial,183850
4676,40094,3138.0,10,5,2007,2008,3,3,1,11,1,3.0,884.0,Edwards,Y,Partial,184750
1072,3675,547.0,6,5,2005,2005,2,1,0,5,0,2.0,525.0,Edwards,Y,Normal,140000
960,6400,960.0,5,7,1959,2000,2,1,0,4,0,1.0,392.0,Edwards,Y,Normal,131750
1152,6882,0.0,4,3,1955,1955,2,2,0,6,0,0.0,0.0,Edwards,N,Normal,61500
948,10215,864.0,4,5,1954,1954,3,1,0,5,0,1.0,248.0,Edwards,Y,Normal,111000
1195,8741,1195.0,5,6,1946,1950,4,2,0,8,0,0.0,0.0,Edwards,N,Abnorml,98500
774,4270,544.0,3,6,1931,2006,3,1,0,6,0,0.0,0.0,Edwards,Y,Normal,79000
865,10042,660.0,6,8,1920,1995,2,1,0,4,1,1.0,216.0,Edwards,Y,Normal,108500
894,9450,894.0,4,5,1954,1954,3,1,0,5,0,2.0,400.0,Edwards,Y,Abnorml,110000
1346,11767,560.0,4,7,1910,2000,2,1,1,6,0,1.0,384.0,Edwards,N,Normal,112000
768,8172,768.0,4,5,1955,1955,2,1,0,4,1,1.0,355.0,Edwards,Y,Normal,125000
864,8172,864.0,4,5,1955,1955,3,1,0,5,0,2.0,528.0,Edwards,Y,Family,79275
948,8190,948.0,4,6,1954,1954,3,1,0,5,1,1.0,280.0,Edwards,Y,Normal,119000
3395,10896,1440.0,6,7,1914,1995,8,2,0,14,0,0.0,0.0,SWISU,Y,Abnorml,200000
2592,10890,1296.0,5,6,1923,1950,6,2,0,12,0,0.0,0.0,SWISU,N,AdjLand,150000
1502,10592,602.0,6,7,1923,1996,3,1,1,7,2,1.0,180.0,Crawfor,Y,Normal,165000
789,10594,768.0,5,5,1926,1950,2,1,0,5,0,1.0,200.0,Crawfor,N,Normal,96500
1422,7223,1290.0,5,5,1926,1950,3,1,0,6,0,1.0,352.0,Crawfor,Y,Normal,136500
1298,6821,651.0,6,7,1921,2005,2,2,0,8,1,1.0,240.0,Crawfor,Y,Normal,146500
1768,7200,731.0,5,7,1937,1950,3,1,1,7,2,1.0,240.0,SWISU,Y,Normal,175000
1098,4000,531.0,7,8,1930,1995,2,1,0,5,1,1.0,216.0,Crawfor,Y,Normal,148500
1436,6720,585.0,6,7,1921,1950,3,1,0,7,1,1.0,228.0,Crawfor,N,Normal,141500
1426,7642,912.0,7,8,1918,1998,3,1,1,7,1,1.0,216.0,Crawfor,Y,Normal,189950
1461,7155,686.0,6,8,1926,1991,3,1,0,6,1,1.0,225.0,Crawfor,Y,Normal,135000
1646,7128,918.0,7,5,1941,1950,4,2,0,7,2,1.0,240.0,Crawfor,Y,Normal,164000
694,4280,440.0,5,6,1913,2002,2,1,0,4,1,1.0,352.0,Crawfor,N,Normal,90350
1250,5362,661.0,5,6,1910,2003,3,2,0,8,1,2.0,552.0,Crawfor,Y,Normal,139000
954,6305,920.0,5,7,1938,1950,2,1,0,5,1,1.0,240.0,Crawfor,Y,Normal,119750
1958,7136,979.0,6,6,1946,1950,4,2,0,8,0,2.0,492.0,Crawfor,N,Normal,145000
2002,6270,1001.0,5,6,1949,1950,4,2,0,8,0,3.0,871.0,Crawfor,N,Normal,145000
1718,7230,851.0,7,7,1927,1992,4,2,1,8,1,2.0,264.0,Crawfor,Y,Normal,238000
1226,13108,0.0,5,5,1951,1951,2,1,1,7,1,2.0,400.0,Crawfor,Y,Normal,153500
2624,22420,1370.0,6,6,1918,1950,4,2,1,10,1,3.0,864.0,Crawfor,N,Normal,239000
3194,12168,965.0,8,6,1934,1998,4,2,1,10,2,2.0,380.0,Crawfor,Y,Alloca,359100
1755,7810,930.0,4,6,1930,2003,4,2,0,7,1,1.0,231.0,Crawfor,Y,Normal,188000
1991,11275,854.0,6,7,1932,1950,3,1,1,7,1,2.0,432.0,Crawfor,Y,Normal,220000
1355,6221,728.0,5,5,1941,1950,3,2,0,5,0,2.0,528.0,Crawfor,Y,Normal,140000
2727,10570,853.0,8,8,1932,1994,3,2,1,10,2,2.0,440.0,Crawfor,Y,Normal,315000
2320,7259,1028.0,6,8,1945,2002,3,2,1,9,1,1.0,180.0,Crawfor,Y,Normal,259500
1839,14442,1477.0,6,7,1957,2004,3,2,0,7,2,2.0,416.0,Crawfor,Y,Normal,257500
1740,13125,800.0,7,6,1940,1984,3,1,1,6,2,1.0,240.0,Crawfor,Y,Normal,219500
2259,21000,1809.0,6,5,1953,1953,3,2,0,7,2,2.0,450.0,Crawfor,Y,Abnorml,217000
1560,25485,1560.0,6,4,1960,1960,3,1,1,6,3,2.0,580.0,Crawfor,Y,Normal,201000
1488,21579,1488.0,6,6,1968,1968,3,2,0,7,2,2.0,552.0,Crawfor,Y,Normal,215000
1045,1782,516.0,6,6,1980,1980,2,1,0,5,1,2.0,462.0,Blueste,Y,Normal,123900
1680,17871,1680.0,4,5,1995,1996,4,2,0,7,0,2.0,628.0,Crawfor,Y,Normal,170000
1020,3907,1004.0,8,5,1988,1988,1,1,0,4,0,2.0,509.0,Blueste,Y,Normal,200000
1696,20693,1696.0,7,5,1971,1971,3,2,0,7,2,2.0,625.0,Crawfor,Y,Normal,198000
2515,32668,2035.0,6,3,1957,1975,4,3,0,9,2,2.0,484.0,Crawfor,Y,Alloca,200624
2726,18044,279.0,8,5,1986,1986,2,2,1,6,1,2.0,691.0,Crawfor,Y,Normal,315000
1517,8500,793.0,5,7,1919,2005,3,2,0,7,0,0.0,0.0,IDOTRR,N,Normal,115000
1215,7000,720.0,6,7,1940,1950,3,1,0,6,0,2.0,720.0,IDOTRR,Y,Normal,141000
803,5000,720.0,5,6,1941,1950,2,1,0,5,0,2.0,360.0,IDOTRR,N,Normal,87000
1601,7288,936.0,5,7,1925,2003,3,2,0,6,0,0.0,0.0,IDOTRR,Y,Normal,129850
1123,6060,732.0,4,5,1939,1950,3,1,0,4,0,1.0,264.0,IDOTRR,Y,Normal,100000
1828,9060,859.0,5,6,1923,1999,3,2,0,6,0,,,IDOTRR,Y,Alloca,150909
816,3672,816.0,5,7,1922,1950,2,1,0,5,0,1.0,100.0,IDOTRR,Y,Normal,75200
1012,8263,1012.0,6,5,1920,1950,2,1,0,6,1,1.0,308.0,IDOTRR,Y,Normal,118400
1077,8967,961.0,5,2,1920,1950,2,1,0,6,0,1.0,338.0,IDOTRR,Y,Abnorml,67000
1558,13710,910.0,5,5,1950,1950,4,1,1,6,0,1.0,282.0,IDOTRR,Y,Normal,152000
845,11067,0.0,2,4,1939,1950,1,1,0,4,0,1.0,256.0,IDOTRR,Y,Normal,68104
1991,8250,957.0,5,6,1895,2006,4,2,0,9,0,0.0,0.0,IDOTRR,N,Normal,119600
1073,6565,1073.0,4,6,1957,1980,3,1,0,6,0,2.0,720.0,IDOTRR,Y,Abnorml,140000
1001,6060,837.0,5,9,1930,2007,2,1,0,5,0,1.0,216.0,IDOTRR,Y,Normal,124900
1625,5568,1573.0,8,5,2006,2007,2,2,0,5,1,2.0,495.0,Crawfor,Y,Partial,375000
1625,4750,1573.0,8,5,2006,2007,2,2,0,5,1,2.0,538.0,Crawfor,Y,Family,235000
1299,12150,1001.0,6,6,1979,1979,2,2,0,5,1,2.0,486.0,Mitchel,Y,Normal,183500
912,7540,888.0,6,6,1978,1978,2,1,0,5,1,2.0,470.0,Mitchel,Y,Normal,156000
1080,9187,1084.0,6,5,1983,1983,3,1,1,5,0,2.0,484.0,Mitchel,Y,Normal,134000
1392,10000,1441.0,5,5,2002,2002,3,2,0,6,1,3.0,650.0,Mitchel,Y,Normal,215000
1409,12864,1409.0,7,5,2002,2002,1,1,1,4,1,2.0,576.0,Mitchel,Y,Normal,245000
1478,9928,1454.0,7,5,1991,1992,3,2,0,6,1,2.0,506.0,Mitchel,Y,Normal,210000
918,8750,852.0,7,6,1975,1975,3,1,0,4,0,1.0,360.0,Mitchel,Y,Normal,148000
1026,8410,970.0,6,6,1974,1974,2,1,0,5,1,2.0,528.0,Mitchel,Y,Normal,143000
1501,4054,1501.0,7,6,1987,1987,2,2,0,5,2,2.0,512.0,Timber,Y,Normal,244000
1502,9763,1502.0,7,5,1998,1998,1,1,1,5,1,1.0,286.0,GrnHill,Y,Normal,330000
1328,16905,1350.0,5,6,1959,1959,2,1,1,5,2,1.0,308.0,Timber,Y,Normal,170000
2279,19958,585.0,6,8,1958,1995,4,2,1,7,1,2.0,461.0,Timber,Y,Normal,257000
1689,8368,1689.0,7,5,2006,2007,3,2,0,7,0,2.0,433.0,Timber,Y,Partial,231713
1564,8298,1546.0,8,5,2006,2007,2,2,0,6,1,2.0,502.0,Timber,Y,Partial,267300
1484,9037,1476.0,8,5,2006,2006,2,2,0,6,1,2.0,472.0,Timber,Y,Normal,265900
1571,10991,1571.0,8,5,2007,2007,3,2,0,7,1,3.0,722.0,Timber,Y,Partial,239000
1646,10656,1638.0,8,5,2006,2007,3,2,0,6,1,3.0,870.0,Timber,Y,Partial,248900
1240,10331,1265.0,7,7,1985,1985,3,2,0,6,0,2.0,528.0,Timber,Y,Normal,174000
1717,13758,1156.0,7,5,1990,1991,3,2,1,7,1,2.0,400.0,Timber,Y,Normal,187500
1756,9303,872.0,6,5,1996,1997,3,2,1,7,0,2.0,422.0,Timber,Y,Normal,204000
1312,6718,1267.0,8,5,2001,2001,2,2,0,5,0,2.0,471.0,Timber,Y,Normal,180500
1146,9590,868.0,7,5,2003,2003,3,2,0,6,1,2.0,438.0,Timber,Y,Normal,187500
1922,11305,1922.0,8,5,2002,2002,2,2,0,6,1,3.0,692.0,Timber,Y,Normal,282000
1491,7777,1491.0,6,5,1996,1996,3,2,0,7,1,2.0,571.0,Timber,Y,Normal,178000
1629,14536,1616.0,8,5,2002,2003,3,2,0,9,1,3.0,808.0,Timber,Y,Normal,270000
2486,11800,1122.0,7,5,2003,2004,5,3,1,10,1,2.0,452.0,Timber,Y,Normal,279900
1572,35133,1572.0,5,4,1963,1963,3,1,1,5,2,3.0,995.0,Timber,Y,Normal,186700
1776,15306,1732.0,8,5,2006,2007,3,2,0,7,1,3.0,712.0,Timber,Y,Partial,283463
1824,12633,1824.0,10,5,2006,2007,3,2,0,8,1,3.0,932.0,Timber,Y,Partial,392000
2482,12665,1094.0,8,5,2005,2006,4,2,1,9,1,3.0,642.0,Timber,Y,Normal,281213
1120,8402,1120.0,5,5,2007,2007,3,1,0,6,0,0.0,0.0,Mitchel,Y,Partial,147000
2034,43500,0.0,3,5,1953,1953,2,1,0,9,0,4.0,1041.0,Mitchel,Y,Normal,130000
936,6710,920.0,6,5,1996,1997,0,0,1,3,0,2.0,460.0,Mitchel,Y,Normal,140000
1040,25286,1064.0,4,5,1963,1963,3,1,0,5,0,2.0,648.0,Mitchel,Y,Normal,132250
1632,25000,1632.0,5,4,1967,1967,4,2,0,8,0,2.0,576.0,Mitchel,Y,Normal,143000
1622,32463,1249.0,4,4,1961,1975,3,1,0,7,1,4.0,1356.0,Mitchel,Y,Normal,168000
1060,4224,1040.0,5,7,1976,1976,3,1,0,6,1,2.0,572.0,MeadowV,Y,Normal,129900
1142,4224,1142.0,5,5,1976,1976,3,1,1,6,1,2.0,528.0,MeadowV,Y,Normal,134000
1092,1504,546.0,4,4,1972,1972,3,1,1,5,0,1.0,253.0,MeadowV,Y,Normal,85500
992,1533,530.0,4,5,1970,1970,2,1,0,4,0,1.0,297.0,MeadowV,Y,Normal,106500
1092,1495,546.0,4,6,1970,1970,3,1,1,5,0,0.0,0.0,MeadowV,Y,Normal,93900
1092,2001,546.0,4,5,1970,1970,3,1,1,6,0,1.0,286.0,MeadowV,Y,Normal,75000
630,1936,630.0,4,6,1970,1970,1,1,0,3,0,0.0,0.0,MeadowV,Y,Normal,84500
1092,1890,546.0,4,3,1976,1976,3,1,1,6,0,1.0,286.0,MeadowV,Y,Normal,75190
1062,11333,1029.0,6,5,1976,1976,3,1,0,5,2,2.0,539.0,Mitchel,Y,Normal,146800
1008,9129,923.0,5,5,1977,1977,1,1,0,4,1,2.0,678.0,Mitchel,Y,Normal,153500
1356,15957,1244.0,6,6,1977,1977,3,2,0,6,1,2.0,528.0,Mitchel,Y,Normal,188000
1676,33983,1160.0,5,6,1977,1994,3,1,1,6,2,2.0,672.0,Mitchel,Y,Normal,196000
1432,8286,716.0,5,7,1977,1977,3,1,1,6,1,2.0,531.0,Mitchel,Y,Normal,157000
796,6723,796.0,5,7,1971,1971,2,1,0,5,0,0.0,0.0,Mitchel,Y,Normal,138000
768,7244,768.0,5,7,1970,1970,2,1,0,5,0,2.0,624.0,Mitchel,Y,Normal,129500
1608,27697,1396.0,4,3,1961,1961,3,1,0,6,0,1.0,444.0,Mitchel,N,Abnorml,80000
845,7599,845.0,4,6,1982,2006,2,1,0,4,0,2.0,360.0,Mitchel,Y,Normal,129500
1178,11000,1090.0,5,6,1976,2003,3,1,1,6,0,2.0,502.0,Mitchel,Y,Normal,135000
816,8314,816.0,5,7,1982,1982,2,1,0,5,0,1.0,264.0,Mitchel,Y,Normal,124500
816,11625,816.0,5,7,1983,1983,2,1,0,4,0,1.0,264.0,Mitchel,Y,Normal,139000
974,10712,974.0,5,5,1991,1992,3,1,0,5,0,0.0,0.0,Mitchel,Y,Abnorml,93500
887,10447,864.0,5,6,1984,1984,3,1,0,5,0,1.0,288.0,Mitchel,Y,Normal,124500
1293,11027,1178.0,6,5,1954,1954,2,2,0,5,0,2.0,452.0,NAmes,Y,Normal,149900
1024,10533,1008.0,6,6,1956,1956,2,1,0,5,2,1.0,313.0,NAmes,Y,Normal,157500
1797,11765,1617.0,5,5,1957,1957,3,1,1,7,1,3.0,963.0,NAmes,Y,Normal,169000
1390,39384,1705.0,6,6,1957,1957,1,1,1,4,2,2.0,550.0,NAmes,Y,Abnorml,252000
1851,11727,1851.0,7,6,1969,1969,3,2,0,8,1,2.0,506.0,NAmes,Y,Normal,192100
1525,8238,813.0,6,5,1997,1998,3,2,1,6,1,2.0,400.0,Gilbert,Y,Normal,183500
2236,13006,964.0,7,5,1997,1997,4,2,1,8,1,2.0,642.0,Gilbert,Y,Normal,222000
1671,13041,781.0,6,5,1995,1995,3,2,1,7,1,2.0,423.0,Gilbert,Y,Normal,170000
1498,13031,691.0,6,5,1995,1996,3,2,1,6,1,2.0,409.0,Gilbert,Y,Normal,187500
1776,9783,821.0,6,5,1996,1996,3,2,1,7,1,2.0,443.0,Gilbert,Y,Normal,202000
1511,11207,802.0,6,5,1997,1997,3,2,1,8,1,2.0,413.0,Gilbert,Y,Normal,185000
2462,19378,1392.0,7,5,2005,2006,4,2,1,9,1,2.0,576.0,Gilbert,Y,Partial,320000
1670,14859,1670.0,7,5,2006,2006,3,2,0,7,1,3.0,690.0,Gilbert,Y,Partial,240000
2064,13128,1074.0,8,5,2005,2005,4,2,1,7,1,2.0,527.0,Gilbert,Y,Normal,250000
1801,10463,893.0,8,5,2005,2005,3,2,1,8,1,3.0,800.0,Gilbert,Y,Normal,239900
2212,13751,1700.0,7,5,2005,2006,3,2,1,9,1,3.0,773.0,Gilbert,Y,Partial,309000
2021,23257,868.0,7,5,2006,2006,3,2,1,9,1,2.0,422.0,Gilbert,Y,Partial,274725
2687,13108,2062.0,8,5,1994,1994,4,2,1,9,0,2.0,618.0,StoneBr,Y,Normal,270000
1169,8076,1160.0,6,6,1993,1994,3,2,0,6,1,2.0,402.0,Gilbert,Y,Normal,183500
1501,7685,697.0,6,5,1993,1994,3,2,1,6,1,2.0,420.0,Gilbert,Y,Normal,165600
1632,9084,935.0,7,5,1998,1998,3,2,1,8,1,2.0,462.0,Gilbert,Y,Normal,176500
1204,3701,1191.0,8,5,1987,1987,2,2,0,5,0,2.0,461.0,StoneBr,Y,Normal,130000
1767,5306,1064.0,7,7,1987,1987,2,2,0,5,1,2.0,504.0,StoneBr,Y,Normal,239000
1742,6563,1742.0,8,5,1985,1985,2,2,0,5,1,2.0,564.0,StoneBr,Y,Normal,275000
2798,16023,1398.0,9,5,2005,2006,3,3,1,11,1,3.0,670.0,StoneBr,Y,Partial,457347
3390,18062,1528.0,10,5,2006,2006,5,3,1,10,1,3.0,758.0,StoneBr,Y,Partial,545224
2473,12292,1094.0,9,5,2006,2006,4,2,1,11,1,3.0,675.0,StoneBr,Y,Partial,356383
2868,16056,1992.0,9,5,2005,2006,4,3,1,11,1,3.0,716.0,StoneBr,Y,Partial,556581
2576,12438,1234.0,8,5,2006,2006,4,2,1,10,1,3.0,666.0,StoneBr,Y,Partial,361919
2698,16052,1850.0,10,5,2006,2006,4,2,1,11,1,3.0,736.0,StoneBr,Y,Partial,535000
2795,15922,1390.0,9,5,2005,2006,4,3,1,10,1,3.0,660.0,StoneBr,Y,Partial,401179
2945,13682,1410.0,10,5,2006,2006,3,3,1,10,1,3.0,641.0,StoneBr,Y,Partial,438780
2320,14762,0.0,5,6,1948,1950,2,2,0,7,1,2.0,672.0,Gilbert,Y,Normal,169000
1056,34650,1056.0,5,5,1955,1955,3,1,0,5,0,2.0,572.0,Gilbert,N,Normal,145000
1714,8147,1714.0,9,5,2005,2005,2,2,0,7,1,2.0,517.0,StoneBr,Y,Normal,318000
1826,11302,1814.0,8,5,2005,2006,3,2,0,7,1,3.0,758.0,StoneBr,Y,Partial,319000
2000,18261,1910.0,9,5,2005,2005,3,2,1,8,2,3.0,722.0,StoneBr,Y,Normal,470000
1621,14145,1208.0,7,7,1984,1998,3,2,0,8,0,2.0,440.0,NWAmes,Y,Normal,202500
2183,13837,1204.0,7,5,1988,1988,4,2,1,9,0,3.0,786.0,NWAmes,Y,Normal,229000
2263,16659,795.0,7,7,1977,1994,3,2,1,9,1,2.0,539.0,NWAmes,Y,Normal,235000
1574,18800,796.0,6,5,1976,1976,3,2,1,6,1,2.0,566.0,NWAmes,Y,Normal,190000
1102,10464,988.0,6,6,1980,1980,2,1,0,5,1,2.0,582.0,NWAmes,Y,Normal,169000
1872,10400,1845.0,7,5,1988,1988,3,2,0,6,1,2.0,604.0,NWAmes,Y,Normal,241500
1857,10530,945.0,7,5,1978,1978,4,2,1,8,1,2.0,482.0,NWAmes,Y,Normal,188900
1686,10240,1686.0,6,6,1980,1980,3,2,0,7,1,2.0,612.0,NWAmes,Y,Normal,207500
2784,16692,1392.0,7,5,1978,1978,5,3,1,12,2,2.0,564.0,NWAmes,Y,Normal,250000
1552,11475,713.0,6,6,1975,1975,3,2,1,6,1,2.0,434.0,NWAmes,Y,Normal,179900
1083,9927,1047.0,7,5,1976,1976,2,1,0,5,1,2.0,596.0,NWAmes,Y,Normal,172000
2318,9512,960.0,7,5,2005,2006,3,2,1,8,1,2.0,541.0,Somerst,Y,Partial,294323
1875,10530,675.0,6,6,1975,2000,3,3,0,8,1,2.0,485.0,NWAmes,Y,Normal,184500
1074,10140,1056.0,5,6,1975,1975,3,1,1,6,0,2.0,495.0,NWAmes,Y,Normal,153500
1664,10140,832.0,7,5,1976,1976,4,2,1,8,1,2.0,528.0,NWAmes,Y,Normal,162900
1309,10140,1040.0,6,6,1974,1999,3,1,1,5,1,2.0,484.0,NWAmes,Y,Normal,181000
1103,10000,1103.0,6,6,1974,1974,3,2,0,6,0,2.0,462.0,NWAmes,Y,Normal,155000
1096,15870,1096.0,5,5,1969,1969,3,1,0,6,0,1.0,299.0,NAmes,Y,Abnorml,138800
864,9353,864.0,4,5,1970,1970,3,1,0,5,0,1.0,280.0,NAmes,Y,Abnorml,116050
858,8125,858.0,4,4,1971,1971,3,1,0,5,0,0.0,0.0,NAmes,Y,Normal,88000
874,7200,864.0,4,4,1971,1971,3,1,0,5,0,2.0,576.0,NAmes,Y,Normal,97500
1419,8773,1487.0,6,5,2002,2002,2,2,0,4,0,2.0,543.0,NAmes,Y,Normal,190000
1092,2760,525.0,6,5,1973,1973,3,1,1,6,0,2.0,440.0,BrDale,Y,Normal,105500
1365,2160,765.0,5,6,1973,1973,3,1,1,7,1,2.0,440.0,BrDale,Y,Normal,125500
987,1953,483.0,6,5,1973,1973,2,1,1,5,0,1.0,264.0,BrDale,Y,Normal,83000
1030,1890,494.0,6,7,1972,1972,3,1,1,6,0,1.0,264.0,BrDale,Y,Normal,116000
1218,1680,672.0,6,5,1971,1971,3,1,1,7,0,0.0,0.0,BrDale,Y,Abnorml,91500
1218,1680,672.0,6,7,1972,1972,3,1,1,7,0,1.0,264.0,BrDale,Y,Normal,118000
948,1680,483.0,6,5,1972,1972,2,1,1,5,0,1.0,264.0,BrDale,Y,Normal,89000
1092,1680,525.0,6,5,1972,1972,3,1,1,6,0,1.0,264.0,BrDale,Y,Normal,108000
987,1680,483.0,6,5,1972,1972,2,1,1,5,1,1.0,288.0,BrDale,Y,Normal,94500
1069,4043,1069.0,6,5,1975,1975,2,2,0,4,1,2.0,440.0,NPkVill,Y,Normal,146300
1387,7514,943.0,5,7,1967,1975,3,1,0,6,1,1.0,300.0,NAmes,Y,Normal,145000
900,7838,864.0,5,5,1967,1967,3,1,0,6,1,1.0,288.0,NAmes,Y,Normal,123000
1055,2280,1055.0,7,7,1976,1976,2,2,0,4,0,1.0,319.0,NPkVill,Y,Normal,137500
1456,2179,855.0,6,5,1976,1976,3,2,1,6,1,2.0,460.0,NPkVill,Y,Normal,144000
1980,16737,1980.0,9,5,2004,2005,3,2,0,8,1,3.0,770.0,NridgHt,Y,Normal,315000
2589,16387,1738.0,9,5,2006,2006,4,2,1,11,1,3.0,831.0,NridgHt,Y,Partial,412083
2596,16259,1249.0,9,5,2006,2006,4,3,1,9,0,3.0,840.0,NridgHt,Y,Partial,342643
1618,16163,1618.0,8,5,2004,2004,2,2,0,6,1,3.0,880.0,NridgHt,Y,Normal,252000
2076,13891,2076.0,10,5,2006,2006,2,2,1,7,1,3.0,850.0,NridgHt,Y,Partial,465000
1740,12228,1721.0,7,5,2006,2006,4,2,0,8,0,3.0,874.0,NridgHt,Y,Partial,293000
1868,14780,1868.0,9,5,2005,2005,2,2,0,7,1,3.0,1085.0,NridgHt,Y,Normal,415000
1850,16033,1833.0,9,5,2004,2005,3,2,0,8,1,3.0,772.0,NridgHt,Y,Normal,326000
2376,14215,1158.0,8,5,2005,2006,4,3,1,9,1,3.0,853.0,NridgHt,Y,Partial,325300
2452,13418,1117.0,8,5,2004,2005,4,3,1,9,1,3.0,691.0,NridgHt,Y,Normal,309000
2206,13975,1090.0,9,5,2005,2006,4,2,1,10,1,3.0,670.0,NridgHt,Y,Partial,300000
2098,10240,1030.0,8,5,2005,2005,3,2,1,8,1,3.0,878.0,NridgHt,Y,Normal,275500
2091,9942,1606.0,9,5,2005,2006,3,2,1,8,1,2.0,521.0,NridgHt,Y,Partial,338500
2324,11924,1175.0,9,5,2005,2006,4,3,0,11,2,3.0,736.0,NridgHt,Y,Partial,345000
2253,12867,1209.0,8,5,2005,2006,3,2,1,8,1,2.0,575.0,NridgHt,Y,Partial,344133
2389,10672,1054.0,8,5,2006,2006,4,2,1,10,1,3.0,672.0,NridgHt,Y,Partial,298236
2358,11643,1524.0,8,5,2005,2006,4,2,1,10,1,3.0,784.0,NridgHt,Y,Partial,329900
1944,12378,1896.0,9,5,2003,2004,3,2,0,8,3,3.0,708.0,NridgHt,Y,Normal,360000
1970,11065,1085.0,8,5,2006,2006,3,2,1,8,1,3.0,753.0,NridgHt,Y,Partial,281000
1792,13758,1792.0,9,5,2005,2006,2,2,0,6,1,3.0,925.0,NridgHt,Y,Partial,372397
1780,14828,1780.0,9,5,2004,2005,2,2,0,7,1,3.0,816.0,NridgHt,Y,Normal,378000
1792,11846,1792.0,9,5,2003,2004,2,2,0,6,1,3.0,874.0,NridgHt,Y,Normal,374000
2728,20431,1848.0,9,5,2005,2006,4,2,1,10,2,3.0,706.0,NridgHt,Y,Partial,437154
1904,10927,1058.0,8,5,2005,2005,3,2,1,8,1,2.0,736.0,NridgHt,Y,Normal,275000
1914,13215,1420.0,8,5,2004,2004,3,2,1,9,1,3.0,746.0,NridgHt,Y,Normal,279000
1364,7052,1364.0,7,5,2005,2005,2,2,0,6,1,2.0,484.0,NridgHt,Y,Normal,185850
1565,5911,1560.0,9,5,2005,2005,2,2,0,6,1,2.0,556.0,NridgHt,Y,Normal,282500
1368,6955,1368.0,7,5,2005,2006,2,2,0,6,1,2.0,474.0,NridgHt,Y,Partial,202500
1368,6792,1368.0,7,5,2005,2006,2,2,0,6,1,2.0,474.0,NridgHt,Y,Partial,202665
1686,7740,1686.0,9,5,2006,2006,1,2,0,6,1,3.0,899.0,NridgHt,Y,Partial,332200
1666,6373,1666.0,9,5,2006,2006,2,2,0,6,1,2.0,575.0,NridgHt,Y,Partial,310090
1405,3136,1405.0,7,5,2003,2003,2,2,0,6,1,2.0,478.0,NridgHt,Y,Normal,171750
1316,10237,1316.0,6,5,2005,2006,3,2,0,6,1,2.0,397.0,Gilbert,Y,Partial,169990
1456,10237,728.0,6,5,2005,2006,3,2,1,8,1,2.0,390.0,Gilbert,Y,Partial,170440
1492,10237,738.0,7,5,2006,2006,3,2,1,8,0,2.0,440.0,Gilbert,Y,Partial,169985
1496,17104,654.0,7,5,2006,2006,3,2,1,7,1,2.0,426.0,Gilbert,Y,Partial,179665
1863,14054,879.0,7,5,2006,2006,4,2,1,9,1,3.0,660.0,Gilbert,Y,Partial,219210
1326,11660,1326.0,6,5,2006,2006,3,2,0,6,0,2.0,427.0,Gilbert,Y,Partial,174190
1456,15578,728.0,6,5,2006,2006,3,2,1,8,0,2.0,429.0,Gilbert,Y,Partial,172785
2373,11631,1052.0,8,5,2004,2005,4,2,1,9,1,3.0,632.0,Gilbert,Y,Partial,258000
1492,9073,738.0,7,5,2006,2006,3,2,1,8,0,2.0,440.0,Gilbert,Y,Partial,185101
1364,3087,1220.0,7,5,2006,2006,2,2,0,6,1,2.0,437.0,Blmngtn,Y,Partial,210250
1557,3196,1374.0,7,5,2003,2004,2,2,0,7,1,2.0,420.0,Blmngtn,Y,Normal,234000
1456,3196,1273.0,8,5,2003,2003,2,2,0,7,1,2.0,400.0,Blmngtn,Y,Normal,215000
1511,2938,1368.0,7,5,2002,2002,2,2,0,5,1,2.0,398.0,Blmngtn,Y,Normal,246990
1414,3072,1375.0,7,5,2004,2004,2,2,0,6,1,2.0,398.0,Blmngtn,Y,Normal,178740
1548,3072,1365.0,7,5,2004,2004,2,2,0,7,1,2.0,388.0,Blmngtn,Y,Normal,225000
1248,3010,1248.0,7,5,2005,2006,2,2,0,5,0,2.0,438.0,Blmngtn,Y,Partial,167240
1142,3010,1142.0,7,5,2005,2006,2,2,0,6,0,2.0,440.0,Blmngtn,Y,Partial,156820
1506,3013,1362.0,7,5,2005,2005,2,2,0,6,1,2.0,440.0,Blmngtn,Y,Normal,213490
1567,3982,1520.0,8,5,2006,2006,1,2,0,7,1,3.0,648.0,Blmngtn,Y,Partial,264561
1500,4045,1356.0,7,5,2006,2006,2,2,0,6,1,3.0,648.0,Blmngtn,Y,Partial,246578
1838,21930,732.0,5,5,2005,2005,4,2,1,7,1,2.0,372.0,Gilbert,Y,Normal,192140
1509,7861,783.0,6,5,2002,2003,3,2,1,7,1,2.0,393.0,Gilbert,Y,Normal,183200
1414,9056,707.0,8,5,2004,2004,3,2,1,6,1,2.0,403.0,Gilbert,Y,Normal,178000
1598,9171,848.0,7,5,2004,2005,3,2,1,7,1,2.0,433.0,Gilbert,Y,Normal,201490
1936,11194,1406.0,8,5,2000,2000,3,2,1,7,1,2.0,504.0,Gilbert,Y,Normal,230500
1509,7875,783.0,7,5,2003,2003,3,2,1,8,1,2.0,393.0,Gilbert,Y,Normal,180000
1664,8121,953.0,6,5,2000,2000,3,2,1,7,1,2.0,460.0,Gilbert,Y,Normal,172400
1889,8658,982.0,6,5,2000,2000,3,2,1,9,1,2.0,431.0,Gilbert,Y,Normal,215000
1886,11214,930.0,7,5,1998,1999,4,2,1,10,1,2.0,431.0,Gilbert,Y,Normal,199900
1671,10852,959.0,6,5,2000,2000,3,2,1,7,1,2.0,472.0,Gilbert,Y,Normal,173000
2322,12104,1035.0,7,5,2006,2006,4,3,1,8,0,3.0,617.0,Gilbert,Y,Partial,287602
2291,8738,975.0,7,5,1999,1999,4,2,1,8,1,2.0,429.0,Gilbert,Y,Normal,230000
2392,9452,1396.0,8,5,1997,1998,3,2,1,7,1,3.0,870.0,NoRidge,Y,Normal,348000
1976,9660,1044.0,8,5,1998,1998,3,2,1,7,1,3.0,885.0,NoRidge,Y,Normal,286000
2234,9545,1160.0,8,5,2000,2000,3,2,1,7,1,3.0,768.0,NoRidge,Y,Normal,300000
3627,35760,1930.0,10,5,1995,1996,4,3,1,10,1,3.0,807.0,NoRidge,Y,Normal,625000
2855,9233,1540.0,9,5,2000,2000,4,2,1,9,1,3.0,774.0,NoRidge,Y,Normal,405000
1924,12011,1086.0,8,5,1998,1998,3,2,1,7,1,2.0,592.0,NoRidge,Y,Normal,280000
2263,12090,1141.0,8,5,1998,1998,4,2,1,10,1,2.0,420.0,NoRidge,Y,Abnorml,258000
2726,10019,1342.0,8,5,1995,1995,4,2,1,9,1,3.0,725.0,NoRidge,Y,Normal,350000
3500,17242,1733.0,9,5,1993,1994,4,3,1,11,1,3.0,959.0,NoRidge,Y,Normal,584500
2494,10236,1290.0,8,5,1994,1995,4,2,1,9,1,3.0,803.0,NoRidge,Y,Normal,321000
2526,10120,1165.0,8,5,1994,1994,4,2,1,8,1,3.0,844.0,NoRidge,Y,Normal,290000
2799,12585,1286.0,8,5,1993,1993,3,2,1,8,1,3.0,704.0,NoRidge,Y,Normal,315000
1964,12447,1100.0,8,5,2005,2006,3,2,1,8,1,2.0,760.0,Somerst,Y,Partial,252000
1670,15218,1670.0,8,5,2006,2006,2,2,1,6,1,3.0,928.0,Somerst,Y,Partial,336820
2097,20896,2077.0,8,5,2005,2006,1,1,1,8,1,3.0,1134.0,Somerst,Y,Partial,423000
1660,10182,1660.0,8,5,2006,2006,3,2,0,8,1,2.0,500.0,Somerst,Y,Partial,290000
1616,8688,1616.0,7,5,2005,2005,3,2,0,7,0,3.0,834.0,Somerst,Y,Normal,232000
1504,10936,1504.0,8,5,2006,2006,3,2,0,7,0,2.0,510.0,Somerst,Y,Partial,199000
1278,8640,1278.0,8,5,2006,2006,2,2,0,5,0,2.0,584.0,Somerst,Y,Partial,198600
2640,13162,2036.0,9,5,2006,2006,3,3,1,11,1,3.0,792.0,Somerst,Y,Partial,405749
1489,11216,1489.0,8,5,2006,2006,3,2,0,7,1,2.0,776.0,Somerst,Y,Partial,232600
1939,10728,1095.0,8,5,2006,2006,3,2,1,8,1,3.0,1053.0,Somerst,Y,Partial,266000
1553,8125,756.0,7,5,2005,2006,3,2,1,6,0,2.0,615.0,Somerst,Y,Partial,186500
1716,8125,858.0,6,5,2005,2005,3,2,1,7,0,2.0,615.0,Somerst,Y,Normal,200825
1576,8125,770.0,7,5,2006,2006,3,2,1,6,0,2.0,614.0,Somerst,Y,Partial,197000
1262,7200,1262.0,6,5,2006,2006,2,2,0,5,0,2.0,572.0,Somerst,Y,Partial,185000
1266,7500,1257.0,7,5,2005,2005,3,2,0,6,1,2.0,453.0,Somerst,Y,Normal,176000
1301,7200,1293.0,7,5,2006,2006,2,2,0,5,1,2.0,572.0,Somerst,Y,Partial,187750
1142,7733,1142.0,6,5,2005,2005,3,1,1,5,0,0.0,0.0,SawyerW,Y,Normal,139500
1400,11024,1400.0,7,5,2005,2006,3,2,0,6,0,2.0,612.0,SawyerW,Y,Partial,186800
1131,13072,1131.0,6,5,2005,2006,3,1,1,6,0,0.0,0.0,SawyerW,Y,Partial,132000
1141,13072,1141.0,6,5,2005,2005,3,1,1,6,0,2.0,484.0,SawyerW,Y,Abnorml,142500
1158,13072,1158.0,6,5,2004,2004,3,1,1,5,0,2.0,576.0,SawyerW,Y,Partial,158000
1686,7800,891.0,7,5,2005,2005,3,2,1,8,0,2.0,462.0,SawyerW,Y,Normal,184000
1585,7632,784.0,7,5,2005,2005,3,2,1,7,0,2.0,449.0,SawyerW,Y,Normal,184900
1837,8304,941.0,6,5,1997,1998,3,2,1,7,0,2.0,688.0,SawyerW,Y,Normal,187000
1603,7153,761.0,6,5,1992,1992,3,2,1,7,0,2.0,484.0,SawyerW,Y,Normal,175900
1731,9370,836.0,6,5,1992,1993,3,2,1,7,0,2.0,462.0,SawyerW,Y,Family,248500
1398,7175,1398.0,6,5,1990,1991,2,2,0,5,0,2.0,542.0,SawyerW,Y,Normal,172000
1217,7175,1217.0,6,5,1991,1991,2,2,0,5,0,2.0,484.0,SawyerW,Y,Normal,151000
1320,9019,636.0,6,5,1994,1994,3,2,1,6,0,2.0,472.0,SawyerW,Y,Normal,150000
1056,8900,1056.0,4,4,1966,1966,2,1,0,5,0,1.0,384.0,SawyerW,Y,Normal,107000
965,7800,828.0,5,5,1965,1965,3,1,0,6,0,1.0,300.0,SawyerW,Y,Abnorml,119900
988,9100,988.0,5,4,1962,1962,3,1,0,6,0,2.0,624.0,Sawyer,Y,Normal,129500
1728,9100,1728.0,5,5,1963,1963,6,2,0,10,0,2.0,504.0,Sawyer,Y,Abnorml,125000
1654,8927,0.0,6,6,1977,1977,4,2,0,10,0,2.0,528.0,Sawyer,Y,Normal,119500
1211,9240,864.0,5,6,1962,2002,2,1,0,6,1,2.0,576.0,Sawyer,Y,Normal,144000
1212,8471,506.0,6,7,1977,1995,3,1,0,6,1,2.0,492.0,Sawyer,Y,Normal,151000
984,9308,984.0,5,5,1965,1965,3,1,0,5,0,1.0,310.0,Sawyer,Y,Normal,126000
909,8450,882.0,5,6,1968,1968,3,1,0,5,0,1.0,294.0,Sawyer,Y,Normal,116000
925,8638,925.0,5,6,1963,1963,2,1,0,5,0,2.0,484.0,Sawyer,Y,Normal,133500
1024,13052,1024.0,5,6,1965,1965,3,1,1,5,0,1.0,308.0,Sawyer,Y,Normal,120875
935,13526,935.0,5,6,1965,1965,3,1,0,5,0,1.0,288.0,Sawyer,Y,Normal,137000
912,8020,912.0,5,6,1964,1964,3,1,0,6,0,0.0,0.0,Sawyer,N,Normal,124000
1236,6993,912.0,5,7,1961,1994,3,1,0,6,1,1.0,288.0,Sawyer,Y,Normal,135000
941,8789,912.0,5,6,1967,1967,3,1,0,6,1,1.0,288.0,Sawyer,Y,Normal,129200
2646,14330,1748.0,7,4,1974,1974,3,2,0,9,4,2.0,550.0,Veenker,Y,Normal,260000
2417,16059,1288.0,8,5,1991,1992,4,2,1,9,1,2.0,462.0,NoRidge,Y,Normal,260000
2826,11025,1334.0,8,5,1992,1993,3,2,1,9,3,3.0,888.0,NoRidge,Y,Normal,334000
2520,14541,1338.0,8,7,1993,1993,5,2,1,10,1,3.0,796.0,NoRidge,Y,Abnorml,310000
2295,13346,1095.0,7,5,1992,2000,4,2,1,9,1,2.0,590.0,NoRidge,Y,Normal,268000
1624,12461,1624.0,8,5,1994,1995,2,2,0,5,1,3.0,757.0,NoRidge,Y,Normal,262000
1143,3628,1143.0,7,5,2004,2004,1,1,1,5,1,2.0,588.0,Somerst,Y,Normal,176400
1247,3316,1247.0,8,5,2005,2005,1,1,1,4,1,2.0,550.0,Somerst,Y,Normal,197000
1200,3180,600.0,7,5,2005,2005,2,2,1,4,0,2.0,480.0,Somerst,Y,Normal,151000
1223,2544,600.0,7,5,2005,2005,2,2,1,4,0,2.0,480.0,Somerst,Y,Normal,147400
1223,2544,600.0,7,5,2005,2005,2,2,1,4,0,2.0,480.0,Somerst,Y,Normal,149900
1200,3180,600.0,7,5,2005,2005,2,2,1,4,0,2.0,480.0,Somerst,Y,Abnorml,144152
1524,2998,756.0,6,5,2000,2000,2,2,1,4,0,2.0,440.0,Somerst,Y,Normal,166000
1452,3735,691.0,7,5,1999,1999,3,2,1,6,0,2.0,506.0,Somerst,Y,Normal,183900
1382,2651,673.0,7,5,2000,2000,3,2,1,6,0,2.0,490.0,Somerst,Y,Normal,165000
1080,4447,530.0,7,5,2003,2003,2,2,1,4,0,2.0,496.0,Somerst,Y,Normal,139000
1694,8314,569.0,7,5,1997,1998,3,2,1,6,1,1.0,434.0,Somerst,Y,Normal,200000
1568,7180,1568.0,8,5,2001,2002,3,2,0,6,1,2.0,564.0,Somerst,Y,Normal,221000
1494,9549,1494.0,8,5,1995,1996,2,1,1,6,1,2.0,481.0,Veenker,Y,Normal,270000
1208,11250,1208.0,6,6,1977,1977,3,1,1,6,1,2.0,546.0,Veenker,Y,Normal,165000
1235,3760,1235.0,8,5,1980,1980,1,1,0,4,3,2.0,484.0,Greens,Y,Normal,214000
1036,3640,1036.0,8,5,1980,1980,1,1,0,4,1,2.0,484.0,Greens,Y,Normal,188000
1226,3874,1226.0,8,5,1980,1980,1,1,0,4,1,2.0,484.0,Greens,Y,Normal,190000
1226,3876,1226.0,8,5,1978,1978,1,1,0,4,1,2.0,484.0,Greens,Y,Normal,170000
1842,50271,1842.0,9,5,1981,1987,0,0,1,5,1,3.0,894.0,Veenker,Y,Normal,385000
1193,13110,1153.0,5,6,1972,1972,2,2,0,6,0,2.0,501.0,NWAmes,Y,Normal,146500
1920,10192,570.0,7,6,1968,1992,4,3,0,8,1,2.0,487.0,NWAmes,Y,Normal,170000
2156,20781,1568.0,7,7,1968,2003,3,2,0,9,1,2.0,508.0,NWAmes,Y,Normal,262500
1416,11700,708.0,6,6,1968,1968,3,2,1,7,1,2.0,776.0,NWAmes,Y,Normal,179900
2654,11029,1054.0,6,7,1968,1984,4,2,1,9,1,2.0,619.0,NWAmes,Y,Normal,250000
1790,10400,732.0,6,5,1972,1972,4,1,2,8,1,2.0,484.0,NWAmes,Y,Normal,165150
1334,10140,1334.0,7,6,1967,1967,3,2,0,7,0,2.0,477.0,NWAmes,Y,Normal,164500
1164,9600,1164.0,7,5,1969,1969,3,1,1,6,0,2.0,528.0,NWAmes,Y,Normal,140000
980,9750,980.0,5,5,1967,1967,3,2,0,6,0,1.0,384.0,NAmes,Y,Normal,135500
1051,9600,1051.0,5,5,1968,1968,3,1,0,6,0,2.0,504.0,NAmes,Y,Normal,142000
1770,8640,900.0,5,5,1968,1968,4,1,1,7,0,2.0,530.0,NAmes,Y,Normal,155000
976,9360,976.0,6,7,1968,2004,2,1,0,4,1,2.0,504.0,NAmes,Y,Abnorml,157500
1052,8400,1052.0,5,5,1968,1968,3,1,1,5,0,1.0,288.0,NAmes,Y,Normal,138500
898,8400,833.0,5,6,1968,1968,3,1,0,6,0,1.0,326.0,NAmes,Y,Normal,140000
1051,9759,1051.0,5,5,1966,1966,3,1,0,6,0,1.0,264.0,NAmes,Y,Normal,124400
1141,9600,1141.0,5,7,1967,1967,3,1,0,6,0,1.0,568.0,NAmes,Y,Normal,158000
1200,9230,864.0,5,8,1965,1998,1,1,1,6,0,2.0,884.0,NAmes,Y,Normal,146000
1993,14803,825.0,6,5,1971,1971,4,2,1,8,1,2.0,495.0,NWAmes,Y,Normal,190000
1050,10659,1050.0,5,6,1961,1961,3,1,0,6,0,1.0,368.0,NAmes,Y,Normal,136500
864,9100,864.0,5,5,1958,1958,3,1,0,5,0,2.0,624.0,NAmes,Y,Normal,129900
1712,8393,1626.0,5,5,1959,2005,4,2,0,8,0,2.0,588.0,NAmes,Y,Family,145000
1565,8800,1187.0,6,7,1965,2000,3,2,0,7,2,1.0,299.0,NAmes,Y,Abnorml,185900
1251,8800,1251.0,6,6,1964,1964,3,1,0,6,2,1.0,461.0,NAmes,Y,Normal,160000
1488,10368,1008.0,6,6,1964,1964,3,1,1,7,1,2.0,430.0,NAmes,Y,Normal,167000
1440,9350,720.0,5,6,1964,1964,4,1,1,7,1,2.0,480.0,NAmes,Y,Normal,157500
1095,10382,588.0,6,5,1958,1958,2,1,0,6,0,1.0,264.0,NAmes,Y,Normal,140000
1053,8973,1008.0,5,7,1958,1991,3,1,1,6,0,2.0,750.0,NAmes,Y,Abnorml,150000
1248,10800,1248.0,5,7,1960,1960,3,1,0,6,0,1.0,286.0,NAmes,Y,Normal,151500
816,8550,816.0,6,8,1934,1950,2,1,0,4,1,1.0,240.0,NAmes,Y,Normal,129800
1008,11425,1008.0,5,6,1954,1954,2,1,0,4,1,1.0,275.0,NAmes,Y,Normal,137000
1043,9724,938.0,5,7,1947,1950,2,1,0,5,1,1.0,273.0,NAmes,Y,Normal,137000
1230,4712,747.0,4,7,1946,1950,3,1,1,5,0,1.0,305.0,BrkSide,Y,Abnorml,121600
869,5900,440.0,4,7,1923,1958,2,1,0,4,0,0.0,0.0,BrkSide,Y,Normal,85500
747,5825,600.0,4,5,1926,1953,1,1,0,5,0,2.0,528.0,BrkSide,Y,Normal,79900
1252,7438,504.0,5,8,1908,1991,3,1,0,5,0,2.0,576.0,BrkSide,Y,Normal,127000
1433,9600,1251.0,5,6,1961,1990,3,1,0,7,1,2.0,441.0,NAmes,Y,Normal,161000
1624,10858,1444.0,5,6,1952,1952,2,1,0,6,1,1.0,240.0,NAmes,Y,Partial,146500
1216,9600,1056.0,5,5,1951,1951,3,1,0,7,0,1.0,280.0,NAmes,Y,Normal,135000
2136,10680,2136.0,5,3,1951,1951,4,2,0,7,0,2.0,528.0,NAmes,N,Normal,137900
1578,9490,806.0,6,7,1941,1950,3,1,0,5,2,1.0,240.0,NAmes,Y,Normal,133000
1728,9462,704.0,5,6,1949,1973,3,1,1,7,1,1.0,234.0,NAmes,Y,Normal,137000
936,9888,936.0,5,6,1954,1975,2,1,0,5,0,1.0,240.0,NAmes,Y,Normal,121000
1584,8917,1584.0,5,5,1967,1967,4,2,0,8,0,2.0,506.0,NAmes,Y,Normal,119000
1246,12700,1246.0,6,5,1964,1964,3,1,0,6,2,2.0,441.0,NAmes,Y,Normal,172000
1235,8500,1235.0,5,3,1961,1961,2,1,0,6,0,2.0,480.0,NAmes,Y,Abnorml,98600
2157,14200,924.0,7,6,1966,1966,4,2,1,8,2,2.0,487.0,NAmes,Y,Normal,226000
1128,9000,936.0,5,5,1954,1954,2,1,0,5,0,1.0,286.0,NAmes,Y,Family,118000
3112,25419,1360.0,8,4,1918,1990,4,2,0,8,1,2.0,795.0,NAmes,Y,Abnorml,235000
1008,9723,1008.0,6,7,1963,1963,2,1,0,5,0,2.0,430.0,NAmes,Y,Normal,135000
1190,7728,1106.0,5,6,1962,1962,3,1,0,6,0,2.0,540.0,NAmes,Y,Normal,132500
1144,8163,1144.0,5,6,1959,1959,3,1,0,6,1,1.0,796.0,NAmes,Y,Normal,143000
1364,8400,1179.0,5,5,1957,1957,3,1,1,6,1,1.0,331.0,NAmes,Y,Normal,132000
1383,11600,1383.0,6,5,1960,1960,3,1,1,7,0,1.0,292.0,NAmes,Y,Normal,145250
1336,9610,1121.0,6,6,1958,1958,3,1,1,7,1,2.0,488.0,NAmes,Y,Normal,162000
1370,10000,1058.0,5,6,1956,1956,3,1,0,6,1,1.0,300.0,NAmes,Y,Normal,148000
1092,14850,1092.0,5,5,1957,1957,2,1,0,6,1,1.0,299.0,NAmes,Y,Normal,141000
1124,10152,1124.0,6,6,1956,1994,3,1,0,6,1,1.0,353.0,NAmes,Y,Normal,153000
1236,10011,1070.0,5,6,1957,1996,2,1,0,6,1,1.0,447.0,NAmes,Y,Normal,134450
943,7032,943.0,5,5,1979,1979,2,1,0,4,2,2.0,600.0,NAmes,Y,Normal,135960
1050,8092,1050.0,6,8,1954,2000,3,1,0,6,0,1.0,286.0,NAmes,Y,Abnorml,156000
1375,11310,1367.0,6,5,1954,1954,2,1,0,5,1,2.0,451.0,NAmes,Y,Normal,140000
1008,12778,1008.0,5,6,1952,2003,2,1,0,4,0,1.0,280.0,NAmes,Y,Normal,139500
1575,10170,216.0,6,6,1951,1951,2,1,1,5,1,2.0,400.0,NAmes,Y,Normal,155000
1145,7700,301.0,5,7,1956,1956,3,1,0,6,0,2.0,684.0,NAmes,Y,Normal,127000
1005,11050,1005.0,5,5,1956,1956,2,1,0,6,1,1.0,319.0,NAmes,Y,Normal,133500
1056,13600,1056.0,5,6,1955,1955,3,1,1,6,0,1.0,300.0,NAmes,Y,Normal,125000
884,15428,884.0,5,6,1951,1991,2,1,0,4,0,1.0,270.0,NAmes,Y,Normal,142000
2039,21299,929.0,7,5,1941,1963,3,1,1,7,3,3.0,791.0,NAmes,Y,Abnorml,167000
1384,13300,1015.0,5,5,1956,2001,2,1,0,6,0,2.0,896.0,NAmes,Y,Normal,159000
2640,22136,2171.0,5,5,1925,1975,5,2,1,10,1,3.0,1008.0,OldTown,Y,Normal,180000
1312,7500,784.0,6,6,1947,1950,3,1,1,6,0,2.0,649.0,NAmes,Y,Normal,127000
1310,7000,617.0,6,6,1924,1950,2,2,0,6,0,1.0,398.0,OldTown,Y,Normal,112000
713,10410,713.0,3,8,1930,2001,2,1,0,5,0,1.0,371.0,OldTown,Y,Normal,99800
833,5400,833.0,5,7,1954,2000,2,1,0,4,0,1.0,326.0,OldTown,Y,Normal,117000
1073,5400,1073.0,5,6,1921,1968,2,1,0,4,0,1.0,326.0,OldTown,Y,Abnorml,108480
715,10914,715.0,3,3,1929,1950,2,1,0,4,0,2.0,660.0,NAmes,N,Normal,68000
720,7008,448.0,4,8,1900,1998,1,1,0,5,0,1.0,280.0,OldTown,Y,Normal,86900
1130,10800,1120.0,5,6,1920,1950,2,1,0,5,1,2.0,720.0,OldTown,Y,Normal,120000
1595,7200,663.0,6,8,1915,1950,3,2,0,7,1,2.0,528.0,OldTown,Y,Normal,155500
1760,10818,1077.0,4,4,1910,1950,4,1,1,7,1,2.0,648.0,OldTown,Y,Abnorml,80000
1214,10410,672.0,3,4,1915,1950,3,1,0,6,0,3.0,936.0,OldTown,Y,Family,105000
2414,10800,954.0,5,4,1900,1970,3,2,0,10,1,2.0,520.0,OldTown,N,Normal,160000
1466,10800,796.0,5,8,1936,1989,3,2,0,7,1,2.0,566.0,OldTown,Y,Normal,170000
1324,8658,1088.0,6,5,1965,1965,3,2,0,6,1,2.0,440.0,NAmes,Y,Abnorml,160000
1086,13400,1024.0,5,5,1966,1966,3,1,0,6,1,2.0,484.0,NAmes,Y,Normal,159950
1146,10184,1083.0,6,5,1963,1963,3,1,0,6,1,1.0,294.0,NAmes,Y,Normal,165000
1734,9786,912.0,6,7,1962,1981,3,1,1,7,1,2.0,440.0,NAmes,Y,Normal,159000
1207,9510,1135.0,6,5,1962,1985,3,1,1,6,0,1.0,264.0,NAmes,Y,Normal,147000
912,7800,912.0,5,5,1964,1964,2,1,0,5,0,1.0,288.0,NAmes,Y,Abnorml,115000
1194,8910,655.0,6,6,1959,1959,3,1,0,6,1,2.0,539.0,NAmes,Y,Normal,159500
864,7332,864.0,6,6,1959,1959,2,1,0,4,0,1.0,288.0,NAmes,Y,Abnorml,120000
816,7100,816.0,5,7,1957,1957,2,1,0,5,0,1.0,308.0,NAmes,Y,Normal,129900
1773,10800,1313.0,6,6,1961,1992,3,2,0,6,2,2.0,418.0,NAmes,Y,Normal,183000
1472,11650,0.0,7,5,1959,1959,2,2,0,5,1,2.0,484.0,NAmes,Y,Normal,157500
2448,18275,1438.0,7,8,1962,1998,3,3,0,9,2,2.0,441.0,NAmes,Y,Normal,277500
1600,16321,1484.0,5,6,1957,1997,2,1,0,6,2,1.0,319.0,NAmes,Y,Normal,207500
1521,12144,910.0,4,6,1950,1950,3,1,1,6,0,1.0,597.0,NAmes,Y,Normal,147500
1192,10800,720.0,4,4,1949,1950,4,1,1,6,0,0.0,0.0,NAmes,N,Abnorml,135000
1040,7200,0.0,5,7,1950,1950,2,1,0,5,0,2.0,625.0,NAmes,Y,Normal,109500
1040,7200,0.0,4,5,1950,1950,2,1,0,4,0,2.0,420.0,NAmes,Y,Normal,109900
1040,7560,1040.0,5,5,1959,1959,3,1,0,6,0,1.0,286.0,NAmes,Y,Normal,133700
1040,8544,0.0,3,4,1950,1950,2,2,0,6,0,2.0,400.0,NAmes,N,Normal,81400
1040,8544,0.0,3,4,1949,1950,2,2,0,6,0,2.0,400.0,NAmes,N,Normal,87500
1040,8544,0.0,3,4,1950,1950,2,2,0,6,0,2.0,400.0,NAmes,N,Normal,93500
1556,8512,1556.0,5,5,1960,1960,4,2,0,8,0,0.0,0.0,NAmes,Y,Normal,119000
1150,7945,1150.0,5,6,1959,1959,3,1,0,6,0,1.0,300.0,NAmes,Y,Normal,141000
1150,7000,1150.0,5,4,1961,1961,3,1,0,6,0,1.0,288.0,NAmes,Y,Normal,146000
1348,7590,660.0,6,5,1966,1966,3,1,1,6,1,2.0,453.0,NAmes,Y,Normal,155000
999,10205,925.0,5,5,1962,1962,3,1,0,6,0,1.0,300.0,NAmes,Y,Normal,134500
1045,7400,1045.0,7,6,1962,1962,3,1,0,6,0,2.0,528.0,NAmes,Y,Normal,120000
864,7000,864.0,5,6,1962,1962,3,1,0,5,0,1.0,336.0,NAmes,Y,Normal,105000
1025,7000,1025.0,5,5,1962,1962,3,1,0,6,0,0.0,0.0,NAmes,Y,Normal,124000
2014,9856,716.0,5,8,1900,2005,5,2,0,8,0,2.0,624.0,OldTown,Y,Normal,169000
1328,9906,686.0,4,4,1925,1950,3,1,0,8,0,1.0,210.0,OldTown,N,Family,107000
1668,9600,1212.0,5,6,1948,1950,3,1,0,6,0,1.0,240.0,OldTown,Y,Normal,135000
1657,5520,1147.0,4,6,1920,1980,4,1,0,9,1,1.0,162.0,OldTown,N,Normal,111500
1416,9600,780.0,6,8,1900,2004,3,1,0,7,0,2.0,400.0,OldTown,Y,Normal,156500
1641,9600,728.0,7,7,1925,1990,3,1,1,6,1,2.0,546.0,OldTown,Y,Normal,178000
1428,6451,712.0,7,7,1900,1970,4,1,0,7,0,2.0,576.0,OldTown,Y,Normal,139900
1004,3960,502.0,7,8,1930,1950,2,1,0,5,1,1.0,200.0,OldTown,N,Normal,105000
813,5684,813.0,6,8,1930,2005,2,1,0,5,0,1.0,270.0,OldTown,Y,Normal,110000
1951,7745,938.0,4,6,1900,1950,4,2,0,9,0,2.0,576.0,OldTown,N,Normal,111500
1032,7741,1032.0,6,5,1924,1950,2,1,0,5,0,1.0,280.0,OldTown,N,Abnorml,108000
844,5633,844.0,5,7,1925,1950,2,1,0,5,0,1.0,216.0,OldTown,Y,Normal,111500
1750,9000,636.0,5,6,1880,1991,3,1,0,8,0,1.0,240.0,OldTown,Y,Abnorml,124000
864,7200,576.0,4,5,1950,1950,2,1,0,5,0,1.0,528.0,OldTown,Y,Normal,105000
1118,4400,648.0,6,8,1920,1950,2,1,0,6,0,2.0,440.0,OldTown,Y,Normal,116000
1376,7614,738.0,3,5,1905,1950,2,1,0,7,0,1.0,216.0,OldTown,Y,Normal,96900
960,6000,960.0,5,7,1955,1955,3,1,0,5,0,2.0,576.0,OldTown,Y,Normal,135500
1566,6000,816.0,5,7,1924,1950,5,1,1,7,0,2.0,450.0,OldTown,Y,Normal,139000
492,7830,492.0,3,5,1921,1950,1,1,0,3,0,1.0,200.0,OldTown,Y,Normal,61500
1182,9576,770.0,6,7,1945,1950,3,1,1,5,0,1.0,378.0,OldTown,Y,Normal,120000
1163,5820,1162.0,3,8,1955,2005,3,1,0,6,0,1.0,220.0,OldTown,Y,Normal,126175
840,5747,798.0,3,4,1920,1950,2,1,0,5,0,1.0,250.0,OldTown,Y,Normal,64000
1928,9142,1020.0,6,8,1910,1950,4,2,0,9,0,1.0,440.0,OldTown,N,Normal,137000
1774,9600,1095.0,4,2,1900,1950,4,2,0,8,0,3.0,779.0,OldTown,N,Normal,87000
1768,10800,880.0,7,7,1914,1970,2,1,1,6,2,2.0,320.0,OldTown,N,Normal,163000
2104,6300,1226.0,7,6,1910,2005,5,2,0,9,0,2.0,432.0,OldTown,Y,Normal,155000
1440,5000,540.0,5,4,1900,1950,3,1,0,6,0,1.0,352.0,OldTown,N,Normal,79000
1690,8850,815.0,7,6,1916,1950,3,1,0,7,1,1.0,225.0,OldTown,Y,Normal,144000
1368,3600,684.0,6,7,1910,1993,3,1,0,7,0,1.0,216.0,OldTown,N,Normal,114504
1762,7200,596.0,7,7,1920,1950,4,1,1,8,0,2.0,576.0,OldTown,Y,Normal,157000
1200,11340,1200.0,6,5,1923,1950,4,1,0,7,0,1.0,312.0,OldTown,Y,Family,125000
3608,22950,1107.0,10,9,1892,1993,4,2,1,12,2,3.0,840.0,OldTown,Y,Normal,475000
1248,5976,624.0,5,7,1920,1950,2,2,0,8,0,0.0,0.0,OldTown,N,Normal,93500
960,9750,960.0,5,5,1958,1958,3,1,0,5,0,2.0,624.0,OldTown,Y,Normal,125000
1020,4761,1020.0,3,3,1918,1950,2,1,0,5,0,0.0,0.0,IDOTRR,N,Normal,64500
788,7446,788.0,4,5,1941,1950,2,1,0,4,2,0.0,0.0,BrkSide,Y,Abnorml,100000
1577,6435,972.0,6,5,1939,1950,3,1,0,6,1,1.0,312.0,BrkSide,Y,Normal,140200
1827,11737,848.0,6,7,1924,1996,2,1,0,9,1,1.0,240.0,BrkSide,N,Normal,202500
1664,5000,1004.0,6,7,1947,1950,3,2,0,7,2,2.0,420.0,BrkSide,Y,Normal,159000
1118,7800,793.0,5,7,1939,1950,3,1,0,5,1,2.0,410.0,OldTown,Y,Normal,119900
1176,6240,816.0,6,6,1934,1950,3,1,0,6,1,2.0,528.0,BrkSide,Y,Normal,114500
1344,6240,896.0,5,4,1936,1950,3,1,0,7,0,1.0,240.0,BrkSide,Y,Normal,115000
1162,6120,728.0,3,5,1930,1950,3,1,0,6,0,1.0,258.0,BrkSide,Y,Abnorml,75000
1015,6120,768.0,5,7,1925,1950,3,1,0,6,0,1.0,450.0,BrkSide,N,Abnorml,88000
912,6240,0.0,4,5,1947,1950,2,1,0,3,0,0.0,0.0,BrkSide,N,Normal,80500
1576,6240,1042.0,5,6,1928,1950,3,1,0,8,1,1.0,225.0,BrkSide,Y,Family,149000
1324,6120,741.0,5,7,1930,1984,3,1,0,7,0,1.0,180.0,BrkSide,Y,Normal,110000
1103,6000,1103.0,6,6,1925,1980,2,1,0,5,1,2.0,440.0,OldTown,Y,Normal,110500
616,6000,616.0,5,7,1921,1950,2,1,0,4,0,1.0,205.0,BrkSide,Y,Normal,89000
1048,6380,993.0,5,6,1922,1950,2,1,0,5,1,1.0,280.0,BrkSide,Y,Normal,113000
816,11672,816.0,5,5,1925,1950,2,1,0,4,0,1.0,210.0,BrkSide,Y,Normal,109000
2486,33120,1595.0,6,5,1962,1962,5,2,0,8,1,2.0,576.0,OldTown,Y,Normal,220000
960,9873,960.0,4,5,1970,1970,3,1,0,6,0,2.0,576.0,BrkSide,N,Normal,129000
1635,5310,485.0,6,8,1910,2003,2,1,0,5,0,1.0,255.0,OldTown,Y,Normal,117000
693,4118,693.0,4,4,1941,1950,2,1,0,4,0,0.0,0.0,OldTown,N,Normal,52500
1430,10320,596.0,4,5,1924,1950,3,2,0,7,0,2.0,370.0,IDOTRR,Y,Abnorml,107000
1330,7518,396.0,5,8,1910,2004,3,1,0,7,0,1.0,390.0,IDOTRR,Y,Normal,116500
819,9000,610.0,5,4,1919,1950,2,1,0,4,0,0.0,0.0,IDOTRR,N,Abnorml,72000
1376,8600,780.0,6,6,1937,1950,3,2,0,7,1,1.0,198.0,IDOTRR,Y,Normal,119500
1360,7200,803.0,5,6,1938,1995,2,1,1,6,0,1.0,297.0,IDOTRR,Y,Normal,125500
1077,9786,1007.0,3,4,1922,1950,3,1,0,6,1,1.0,210.0,IDOTRR,N,Normal,91000
754,6780,520.0,6,8,1935,1982,2,1,0,5,0,0.0,0.0,IDOTRR,N,Normal,84500
984,7200,984.0,6,6,1930,1950,3,1,0,6,0,1.0,308.0,IDOTRR,Y,Family,90000
1422,12375,806.0,5,5,1951,1951,3,1,0,7,1,1.0,288.0,Sawyer,Y,Normal,137500
1921,11136,1921.0,6,5,1964,1964,4,2,0,8,0,2.0,576.0,Sawyer,Y,Normal,150000
1640,21370,0.0,5,5,1950,1950,3,1,0,7,1,2.0,394.0,Sawyer,Y,Normal,131000
1352,6930,1062.0,5,4,1958,1958,3,1,0,6,0,1.0,288.0,ClearCr,Y,Abnorml,130000
1032,8250,0.0,5,7,1935,1950,2,1,0,6,1,1.0,260.0,Edwards,N,Normal,125000
879,5220,830.0,5,3,1936,1950,2,1,0,4,0,1.0,180.0,SWISU,Y,Normal,80000
1073,5500,1073.0,7,5,2004,2004,2,2,0,4,0,1.0,246.0,SWISU,Y,Normal,157000
1382,11235,1051.0,4,5,1963,1979,3,1,1,6,1,2.0,459.0,Sawyer,Y,Normal,148000
1296,10791,0.0,4,5,1967,1967,2,2,0,6,0,2.0,516.0,Sawyer,Y,Normal,90000
1068,8414,1059.0,6,8,1963,2003,3,1,0,6,0,1.0,264.0,Sawyer,Y,Normal,154500
1064,11327,1064.0,5,6,1967,1967,3,1,0,6,1,2.0,528.0,Sawyer,Y,Normal,153600
1320,11777,1164.0,5,6,1966,1966,3,1,0,6,2,2.0,564.0,Sawyer,Y,Abnorml,164500
934,10366,912.0,6,7,1964,1964,2,1,0,4,0,1.0,336.0,Sawyer,Y,Normal,132000
1059,9000,1059.0,5,6,1966,1966,3,1,0,6,0,1.0,286.0,Sawyer,Y,Abnorml,142500
1159,11553,1051.0,5,5,1968,1968,3,1,1,7,1,1.0,336.0,Sawyer,Y,Normal,158000
1400,7844,672.0,6,7,1978,1978,3,1,1,6,1,2.0,440.0,Sawyer,Y,Normal,149500
1458,9535,1176.0,5,5,1967,1967,3,1,1,7,1,2.0,512.0,Sawyer,Y,Normal,165000
1721,10335,1461.0,5,6,1968,1993,3,2,1,7,1,2.0,440.0,Sawyer,Y,Normal,180000
1040,7176,960.0,6,6,1978,1978,3,1,0,6,1,2.0,616.0,Sawyer,Y,Normal,160500
1967,9662,1967.0,5,4,1977,1977,6,2,0,10,0,2.0,580.0,Sawyer,Y,Normal,156500
1949,8235,1949.0,5,4,1977,1977,6,2,0,10,0,2.0,586.0,Sawyer,Y,Normal,157000
1920,13650,1052.0,5,5,1958,1958,4,2,0,8,1,2.0,451.0,Sawyer,Y,Normal,172500
1803,13125,1134.0,5,4,1957,2000,3,2,0,8,1,2.0,484.0,Sawyer,Y,Normal,155000
1779,17920,1763.0,5,4,1955,1974,3,1,1,6,1,2.0,454.0,Sawyer,Y,Abnorml,170000
872,17529,872.0,5,5,1924,1950,2,1,0,5,1,1.0,322.0,Sawyer,N,Normal,105000
960,10246,648.0,4,9,1965,2001,0,0,0,3,0,1.0,364.0,Sawyer,Y,Normal,145000
1437,14175,1188.0,5,6,1956,1987,3,1,1,6,1,2.0,576.0,Sawyer,Y,Normal,168000
1830,20355,1865.0,7,6,1967,1967,2,1,0,6,2,2.0,521.0,ClearCr,Y,Normal,278000
1000,13050,1000.0,5,6,1963,1963,1,1,0,4,2,2.0,575.0,ClearCr,Y,Normal,164000
2287,15593,1304.0,7,4,1953,1953,3,2,0,7,1,2.0,667.0,ClearCr,Y,Normal,225000
810,10820,782.0,5,7,1971,1972,2,1,0,4,0,2.0,576.0,Sawyer,Y,Normal,130000
894,13350,864.0,5,5,1974,1974,3,1,0,5,1,2.0,440.0,Sawyer,Y,Normal,142500
1700,1700,430.0,7,5,1980,1981,2,2,1,7,0,1.0,450.0,ClearCr,Y,Normal,148400
1453,5271,1453.0,7,5,1986,1986,2,1,1,6,1,2.0,445.0,ClearCr,Y,Abnorml,190000
1350,9375,967.0,4,5,1954,1954,3,1,1,6,1,2.0,504.0,Edwards,Y,Normal,146000
1150,6488,799.0,5,5,1942,1950,3,1,0,6,2,1.0,215.0,Edwards,N,Family,128000
2008,7800,896.0,5,8,1948,2002,3,3,0,8,0,1.0,230.0,Edwards,Y,Normal,225000
2201,19690,697.0,6,7,1966,1966,4,2,0,8,1,2.0,432.0,Edwards,Y,Alloca,274970
2009,19950,672.0,6,7,1928,1950,4,2,0,8,2,3.0,795.0,Edwards,Y,Normal,235000
3672,19800,1836.0,6,8,1935,1990,5,3,1,7,2,2.0,836.0,Edwards,Y,Normal,415000
1560,11679,1776.0,5,5,1962,1962,3,2,0,6,1,2.0,528.0,Edwards,Y,Normal,182000
1488,12048,0.0,5,6,1952,2002,3,1,0,7,1,2.0,569.0,Edwards,Y,Normal,135000
1057,10519,1057.0,5,8,1955,1999,3,1,0,6,0,1.0,288.0,Edwards,Y,Normal,137000
1855,9525,994.0,6,4,1954,1972,4,2,0,7,0,1.0,325.0,Edwards,Y,Normal,136900
1609,9525,1000.0,6,5,1953,1953,5,1,1,7,0,1.0,305.0,Edwards,Y,Normal,149900
1148,6420,980.0,5,7,1952,1952,2,1,0,6,0,1.0,308.0,Edwards,Y,Normal,123500
1124,8335,0.0,5,5,1954,1954,3,1,0,5,1,0.0,0.0,Edwards,Y,Normal,93000
1456,7585,810.0,5,3,1948,1950,4,1,0,7,1,1.0,280.0,Edwards,Y,Normal,91500
1298,11200,1298.0,6,5,1985,1985,3,2,0,5,1,2.0,403.0,SawyerW,Y,Normal,180000
2559,12128,868.0,6,4,1989,1989,4,2,1,9,1,2.0,506.0,SawyerW,Y,Abnorml,209000
1911,9554,777.0,8,5,1993,1994,3,2,1,8,1,2.0,471.0,SawyerW,Y,Normal,215000
1440,9069,1344.0,6,8,1993,1993,2,2,0,8,0,4.0,920.0,SawyerW,Y,Normal,224500
1876,11003,1308.0,7,5,2005,2006,3,2,1,7,0,3.0,848.0,CollgCr,Y,Partial,229800
1208,7488,1208.0,7,5,2005,2005,2,2,0,6,0,2.0,632.0,CollgCr,Y,Abnorml,183600
1220,7406,1199.0,7,5,2006,2006,2,2,0,6,0,2.0,632.0,CollgCr,Y,Partial,194000
1294,6762,1286.0,7,5,2006,2006,2,2,0,6,1,2.0,662.0,CollgCr,Y,Partial,193879
1614,11210,1614.0,7,5,2005,2006,3,2,0,7,0,3.0,865.0,CollgCr,Y,Partial,221500
1498,8990,1498.0,7,5,2006,2006,2,2,0,5,0,2.0,675.0,CollgCr,Y,Partial,204900
1962,8760,1391.0,7,5,2006,2006,3,2,1,7,0,3.0,868.0,CollgCr,Y,Partial,239799
1846,13377,1836.0,6,5,2006,2006,3,2,0,7,1,2.0,495.0,CollgCr,Y,Partial,233555
1734,11645,1734.0,7,5,2005,2005,3,2,0,7,0,2.0,660.0,CollgCr,Y,Normal,260000
1590,11645,1570.0,8,5,2005,2006,2,2,1,6,0,3.0,754.0,CollgCr,Y,Partial,294900
1809,10984,945.0,7,5,2005,2006,3,2,1,8,0,2.0,638.0,CollgCr,Y,Partial,209700
1614,9316,1614.0,7,5,2005,2005,3,2,0,7,1,2.0,576.0,CollgCr,Y,Normal,225000
1596,9316,784.0,7,5,2005,2005,3,2,1,6,0,2.0,610.0,CollgCr,Y,Normal,181000
1915,10041,908.0,8,5,1992,1992,3,2,1,8,1,2.0,506.0,SawyerW,Y,Abnorml,220000
1582,36500,1624.0,5,5,1964,1964,4,2,0,7,0,2.0,390.0,ClearCr,Y,Normal,190000
988,21453,938.0,6,5,1969,1969,1,1,0,4,2,2.0,540.0,ClearCr,Y,Normal,180000
1533,70761,1533.0,7,5,1975,1975,2,2,0,5,2,2.0,576.0,ClearCr,Y,Normal,280000
1388,12000,1388.0,6,5,1968,1968,3,2,0,6,1,2.0,522.0,ClearCr,Y,Abnorml,158900
914,8846,870.0,5,5,1996,1996,2,1,0,5,0,2.0,576.0,CollgCr,Y,Normal,148000
1100,13015,1100.0,5,6,1996,1996,3,1,1,5,0,2.0,462.0,CollgCr,Y,Normal,145000
1499,12438,781.0,6,5,1995,1995,3,2,1,6,1,2.0,473.0,CollgCr,Y,Normal,187000
1425,8685,1425.0,7,5,1998,1998,3,2,0,5,0,2.0,591.0,CollgCr,Y,Normal,193000
990,13568,990.0,5,5,1995,1995,3,1,0,5,0,2.0,576.0,CollgCr,Y,Normal,156000
1525,9100,1525.0,7,5,2000,2000,3,2,0,6,0,2.0,541.0,CollgCr,Y,Normal,235000
1494,9236,1479.0,6,5,1997,1997,3,2,0,6,0,2.0,576.0,CollgCr,Y,Normal,217000
1588,10264,1588.0,7,5,1999,1999,3,2,0,6,0,2.0,472.0,CollgCr,Y,Normal,214000
1749,9272,842.0,7,5,1999,1999,3,2,1,7,0,2.0,515.0,CollgCr,Y,Normal,196000
1779,13426,951.0,7,5,1999,2000,3,2,1,7,1,2.0,586.0,CollgCr,Y,Normal,217000
1861,13450,916.0,7,5,2002,2002,3,2,1,8,0,2.0,492.0,CollgCr,Y,Normal,200000
1776,14006,936.0,7,5,2002,2002,3,2,1,7,1,2.0,474.0,CollgCr,Y,Normal,192500
1541,13704,1541.0,7,5,2001,2002,3,2,0,6,1,3.0,843.0,CollgCr,Y,Normal,205000
954,10780,911.0,5,5,1976,1976,3,1,0,6,0,2.0,576.0,CollgCr,Y,Normal,132500
1388,8340,675.0,6,6,1977,1977,3,1,1,6,0,1.0,317.0,CollgCr,Y,Normal,157500
1282,10385,995.0,6,6,1978,1978,3,2,0,6,0,3.0,672.0,CollgCr,Y,Normal,174000
971,9920,971.0,5,6,1969,1969,3,1,1,5,1,1.0,300.0,CollgCr,Y,Normal,128500
864,9560,864.0,5,7,1972,1972,3,1,0,5,0,1.0,288.0,CollgCr,Y,Normal,128500
894,9800,894.0,5,7,1972,1972,3,1,0,5,0,2.0,552.0,CollgCr,Y,Abnorml,149900
864,7200,864.0,5,8,1972,1972,3,1,0,5,0,1.0,297.0,CollgCr,Y,Normal,119900
1320,3612,630.0,6,5,1993,1994,3,2,1,5,0,2.0,484.0,Landmrk,Y,Normal,137000
1989,11367,1065.0,8,5,2002,2002,3,2,1,7,1,2.0,586.0,CollgCr,Y,Normal,255000
1762,9930,826.0,7,5,2002,2002,3,2,1,6,0,2.0,591.0,CollgCr,Y,Normal,222000
1755,9468,840.0,6,5,1999,1999,3,2,1,7,1,2.0,530.0,CollgCr,Y,Normal,214000
1358,11088,1348.0,8,5,2002,2002,1,1,1,5,1,2.0,418.0,CollgCr,Y,Normal,220000
1787,14781,1753.0,8,5,2001,2002,3,2,0,7,1,3.0,748.0,CollgCr,Y,Normal,275000
1909,8726,872.0,7,5,2002,2002,4,2,1,8,0,2.0,529.0,CollgCr,Y,Normal,197000
1654,8125,1654.0,7,5,2002,2002,3,2,0,6,0,3.0,900.0,CollgCr,Y,Normal,230000
2214,10566,1090.0,8,5,1999,1999,3,2,1,8,1,3.0,646.0,CollgCr,Y,Normal,268500
2049,21533,1065.0,7,5,1996,1997,4,2,1,9,1,2.0,467.0,CollgCr,Y,Normal,210900
1939,11250,1054.0,7,5,1998,1998,3,2,1,8,1,3.0,555.0,CollgCr,Y,Normal,227000
1995,11250,930.0,7,5,1995,1996,4,2,1,8,1,2.0,610.0,CollgCr,Y,Normal,237000
2097,9750,1108.0,7,6,1998,1998,3,2,1,8,1,2.0,583.0,CollgCr,Y,Normal,274300
1836,9100,1860.0,7,5,2004,2005,3,2,0,8,1,2.0,484.0,CollgCr,Y,Normal,216837
848,4435,848.0,6,5,2003,2003,1,1,0,4,0,2.0,420.0,CollgCr,Y,Normal,133000
848,4435,848.0,6,5,2004,2004,1,1,0,3,1,2.0,420.0,CollgCr,Y,Normal,155900
1919,15611,1079.0,8,5,2006,2006,3,2,1,8,1,2.0,685.0,CollgCr,Y,Partial,233230
1390,8810,1390.0,7,5,2003,2003,3,2,0,7,0,2.0,545.0,CollgCr,Y,Normal,207000
1948,12393,847.0,7,5,2004,2005,4,2,1,8,1,2.0,434.0,CollgCr,Y,Normal,195000
1700,9135,1682.0,6,5,2003,2003,3,2,0,7,0,2.0,544.0,CollgCr,Y,Normal,200000
1737,8581,851.0,7,5,2006,2006,3,2,1,7,0,2.0,578.0,CollgCr,Y,Partial,203160
1611,8400,784.0,7,5,2005,2005,3,2,1,6,0,2.0,572.0,CollgCr,Y,Normal,195800
1552,10084,1552.0,7,5,2005,2006,3,2,0,7,0,3.0,782.0,CollgCr,Y,Partial,212900
1720,11645,860.0,7,5,2004,2004,3,2,1,7,0,2.0,565.0,CollgCr,Y,Normal,196500
1336,8772,1336.0,7,5,2005,2006,3,2,0,6,0,2.0,502.0,CollgCr,Y,Partial,198000
1500,8846,750.0,6,5,2005,2006,3,2,1,6,0,2.0,564.0,CollgCr,Y,Partial,173900
1456,8461,728.0,6,5,2005,2006,3,2,1,8,1,2.0,390.0,CollgCr,Y,Partial,163990
1310,8767,1310.0,7,5,2005,2005,3,2,0,6,1,2.0,400.0,CollgCr,Y,Partial,164990
1436,8777,676.0,4,6,1910,2000,3,2,0,6,0,2.0,528.0,Edwards,Y,Normal,98000
1466,17755,1466.0,5,4,1959,1959,3,1,1,6,2,2.0,528.0,Edwards,Y,Normal,149900
1220,8877,836.0,4,5,1951,1951,2,1,0,6,0,2.0,396.0,Edwards,Y,Normal,102000
1012,7840,976.0,6,5,1975,1975,4,2,0,4,0,0.0,0.0,Edwards,Y,AdjLand,127500
980,9400,945.0,6,5,1975,1975,4,2,0,4,0,0.0,0.0,Edwards,Y,AdjLand,127500
1176,16133,1176.0,5,4,1969,1969,2,1,0,5,0,1.0,360.0,Edwards,Y,Abnorml,119900
1724,7162,796.0,7,5,2003,2004,3,2,1,8,1,2.0,616.0,Edwards,Y,Normal,196500
914,8050,914.0,6,5,2002,2002,2,1,0,4,0,0.0,0.0,Edwards,Y,Normal,117250
2314,11060,1150.0,7,5,2003,2005,3,2,1,9,1,2.0,502.0,Edwards,Y,Normal,229000
1072,3675,547.0,5,5,2005,2005,2,1,0,5,0,2.0,525.0,Edwards,Y,Normal,145000
1072,3675,547.0,6,5,2005,2006,2,2,0,5,0,2.0,525.0,Edwards,Y,Partial,140000
1072,3675,547.0,6,5,2005,2006,2,1,0,5,0,2.0,525.0,Edwards,Y,Partial,142500
1709,2522,970.0,7,5,2004,2004,3,2,0,7,0,2.0,380.0,Edwards,Y,Normal,134000
1709,2522,970.0,7,5,2004,2004,3,2,0,7,0,2.0,380.0,Edwards,Y,Normal,130000
1709,2522,970.0,6,5,2004,2006,3,2,0,7,0,2.0,380.0,Edwards,Y,Normal,130000
1709,2522,970.0,7,5,2004,2004,3,2,0,7,0,2.0,380.0,Edwards,Y,Normal,137500
1708,3363,976.0,7,5,2004,2004,3,2,0,7,0,2.0,380.0,Edwards,Y,Normal,130000
936,6956,624.0,4,7,1948,1950,3,1,0,5,0,1.0,265.0,Edwards,Y,Normal,97900
1338,7822,832.0,6,3,1915,1950,3,2,0,7,0,2.0,528.0,Edwards,Y,AdjLand,92000
1669,8707,1093.0,4,5,1924,1950,4,1,1,9,0,1.0,288.0,Edwards,N,AdjLand,107000
1184,8410,658.0,5,3,1910,1996,5,1,0,8,0,0.0,0.0,Edwards,Y,AdjLand,81000
1221,9738,784.0,5,7,1924,1950,4,1,0,7,0,1.0,392.0,Edwards,Y,Normal,104900
864,8172,864.0,5,7,1955,1990,2,1,0,5,0,2.0,572.0,Edwards,Y,Normal,115000
1482,16012,954.0,4,4,1954,1968,3,2,0,6,1,2.0,609.0,Edwards,Y,Abnorml,125000
1250,8248,686.0,5,7,1918,1950,3,1,1,7,0,1.0,280.0,Edwards,Y,Normal,116000
1414,8248,864.0,4,4,1922,1950,3,1,0,8,1,0.0,0.0,Edwards,N,Abnorml,83000
2230,6204,795.0,4,5,1912,1950,5,1,0,10,0,1.0,440.0,SWISU,N,Normal,118500
498,8088,498.0,2,3,1922,1955,1,1,0,3,0,1.0,216.0,Edwards,N,Normal,35000
1273,11388,616.0,4,7,1910,1993,3,1,0,5,0,1.0,275.0,Edwards,N,Normal,121000
1928,7082,686.0,5,8,1916,1995,5,2,0,10,0,0.0,0.0,SWISU,Y,Normal,160000
1595,8400,940.0,6,5,1940,2000,2,1,0,6,2,1.0,240.0,SWISU,Y,Normal,140000
1551,10890,1058.0,5,5,1938,1950,3,2,0,6,0,1.0,240.0,SWISU,Y,Normal,137000
1340,6430,780.0,6,6,1945,1950,3,1,0,6,0,1.0,440.0,SWISU,N,Abnorml,128000
1479,7000,624.0,7,8,1926,1997,3,1,0,6,2,1.0,312.0,SWISU,Y,Normal,160000
1784,13132,747.0,5,5,1914,1950,4,1,1,9,0,1.0,180.0,Crawfor,Y,Normal,138887
1510,4899,755.0,6,8,1920,1950,3,1,0,6,0,1.0,216.0,SWISU,Y,Normal,149000
1522,6000,1008.0,5,5,1926,1950,4,2,0,7,0,0.0,0.0,SWISU,Y,Normal,102000
1636,9399,818.0,7,8,1919,1950,4,1,1,7,1,1.0,288.0,Crawfor,Y,Abnorml,167000
1802,7588,793.0,7,6,1920,1950,4,1,1,9,1,1.0,216.0,Crawfor,Y,Normal,200100
1465,10164,992.0,5,5,1939,1950,3,2,0,6,2,1.0,240.0,SWISU,Y,Normal,131000
1288,6191,824.0,5,4,1941,1950,4,1,0,6,0,1.0,240.0,SWISU,N,Normal,112000
1717,9550,756.0,7,5,1915,1970,3,1,0,7,1,3.0,642.0,Crawfor,Y,Abnorml,140000
1550,21780,817.0,6,5,1920,1950,3,1,1,7,1,1.0,318.0,Crawfor,Y,Normal,195000
1517,11435,792.0,8,7,1929,1950,3,1,0,7,2,2.0,400.0,Crawfor,Y,Normal,230000
1717,12400,901.0,5,6,1940,1950,2,1,1,7,1,1.0,410.0,Crawfor,Y,Normal,194000
1180,11600,700.0,4,5,1922,1950,2,1,0,5,1,1.0,252.0,Crawfor,Y,Normal,137500
2057,11500,1017.0,7,7,1936,1987,3,1,1,6,1,1.0,180.0,Crawfor,Y,Normal,250000
1671,8170,1022.0,7,7,1929,1950,4,2,0,7,1,2.0,451.0,Crawfor,Y,Normal,218000
2345,16560,952.0,6,8,1932,1950,4,2,1,9,1,2.0,360.0,Crawfor,Y,Normal,239000
1609,12320,637.0,7,7,1932,1990,3,1,1,8,2,3.0,579.0,Crawfor,Y,Normal,199500
1801,14210,697.0,6,7,1930,1959,3,1,1,8,1,2.0,365.0,Crawfor,Y,Normal,210000
1811,14115,1073.0,6,7,1956,2004,2,1,0,6,1,2.0,470.0,Crawfor,Y,Abnorml,230000
1647,12984,1430.0,5,6,1977,1977,3,2,0,7,1,2.0,621.0,Crawfor,Y,Normal,217500
2315,15600,1168.0,5,7,1950,1963,4,2,0,9,3,1.0,342.0,Crawfor,Y,Normal,257000
1336,15750,1165.0,5,5,1953,1953,2,1,0,5,2,1.0,375.0,Crawfor,Y,Normal,157000
1844,16381,1844.0,6,5,1969,1969,3,2,0,7,1,2.0,540.0,Crawfor,Y,Normal,223000
976,7288,976.0,5,6,1942,1950,2,1,0,5,0,1.0,215.0,IDOTRR,N,AdjLand,102000
1285,7000,861.0,6,7,1926,1950,3,1,0,6,0,2.0,506.0,IDOTRR,Y,Normal,145400
672,8534,432.0,4,4,1925,1950,2,1,0,4,0,0.0,0.0,IDOTRR,N,Normal,72000
641,7030,641.0,4,6,1925,1950,2,1,0,4,0,1.0,272.0,IDOTRR,Y,Normal,85000
951,8765,951.0,4,6,1936,1950,2,1,0,6,0,1.0,327.0,IDOTRR,N,Abnorml,106500
1638,9060,967.0,6,5,1957,1957,4,2,0,6,0,1.0,384.0,IDOTRR,Y,Normal,139000
1336,11040,637.0,4,6,1920,1950,3,1,1,7,0,1.0,570.0,IDOTRR,Y,Normal,108000
729,12366,0.0,3,5,1945,1950,2,1,0,5,0,0.0,0.0,IDOTRR,N,Abnorml,51689
480,9000,480.0,2,3,1949,1950,1,0,0,4,0,1.0,308.0,IDOTRR,N,Abnorml,35311
1396,9000,660.0,5,6,1951,1951,4,2,0,8,0,0.0,0.0,IDOTRR,N,Abnorml,115000
936,8520,216.0,3,5,1916,1950,2,1,0,6,0,0.0,0.0,IDOTRR,N,Normal,78000
1778,5748,1573.0,8,5,2005,2006,2,2,0,5,1,2.0,495.0,Crawfor,Y,Partial,375000
1646,3842,1594.0,8,5,2004,2005,2,2,0,5,1,2.0,525.0,Crawfor,Y,Normal,300000
1625,23580,1625.0,6,6,1979,1979,3,2,0,6,1,2.0,576.0,Mitchel,Y,Normal,242500
1664,8385,1664.0,6,5,1978,1978,4,2,0,10,0,2.0,616.0,Mitchel,Y,Normal,145000
1491,9116,1491.0,8,5,2001,2001,3,2,0,7,0,2.0,490.0,Mitchel,Y,Normal,209000
1004,10530,975.0,6,5,1977,1977,2,1,0,4,0,2.0,504.0,Mitchel,Y,Normal,135000
1210,11080,1128.0,6,6,1975,1975,3,2,0,6,0,2.0,528.0,Mitchel,Y,Normal,148000
1959,11070,1907.0,7,5,1988,1989,5,3,0,9,0,3.0,766.0,Mitchel,Y,Family,171000
2519,26178,1210.0,7,5,1989,1990,4,2,1,9,2,2.0,628.0,Timber,Y,Normal,335000
1295,8239,0.0,7,5,1986,1986,2,2,0,5,0,1.0,312.0,GrnHill,Y,Normal,230000
1650,50102,1632.0,6,5,1958,1958,2,1,0,6,2,2.0,518.0,Timber,Y,Alloca,250764
1707,16669,1686.0,8,6,1981,1981,2,2,1,6,1,2.0,511.0,Timber,Y,Normal,228000
1137,13811,1112.0,6,6,1987,1987,2,2,0,5,1,2.0,551.0,Timber,Y,Normal,176000
1339,8049,1309.0,7,5,1990,1990,2,2,0,6,1,2.0,484.0,Timber,Y,Normal,180000
2514,11170,1216.0,7,5,1990,1991,4,2,1,8,0,2.0,693.0,Timber,Y,Normal,250000
1403,8098,1381.0,6,5,2000,2000,2,2,0,5,0,2.0,470.0,Timber,Y,Normal,202000
1800,14331,1800.0,8,5,2002,2002,3,2,0,7,1,3.0,765.0,Timber,Y,Normal,312500
1960,13618,1728.0,8,5,2005,2006,3,2,0,8,2,3.0,714.0,Timber,Y,Partial,320000
2028,11443,1868.0,8,5,2005,2006,2,2,0,7,2,3.0,880.0,Timber,Y,Partial,369900
1838,11577,1838.0,9,5,2005,2006,3,2,0,9,1,3.0,682.0,Timber,Y,Partial,359900
1600,31250,0.0,1,3,1951,1951,3,1,1,6,0,1.0,270.0,Mitchel,Y,Normal,81500
1368,7020,1288.0,7,5,1997,1997,2,2,0,8,0,4.0,784.0,Mitchel,Y,Normal,215000
1216,4500,1216.0,6,5,1998,1998,2,2,0,5,0,2.0,402.0,Mitchel,Y,Normal,164000
1337,4500,1237.0,6,5,1998,1998,2,2,0,5,0,2.0,405.0,Mitchel,Y,Normal,153500
1140,17217,1140.0,5,5,2006,2006,3,1,0,6,0,0.0,0.0,Mitchel,Y,Abnorml,84500
1304,2665,264.0,5,6,1977,1977,3,1,1,5,1,1.0,336.0,MeadowV,Y,Normal,104500
1475,2665,757.0,5,6,1977,1977,4,2,0,6,1,1.0,336.0,MeadowV,Y,Normal,127000
2521,3964,942.0,6,4,1973,1973,5,2,1,10,1,2.0,576.0,MeadowV,Y,Normal,151400
874,10172,864.0,5,7,1968,2003,3,1,0,5,0,1.0,288.0,Mitchel,Y,Normal,126500
1652,11836,1652.0,5,5,1970,1970,4,2,0,8,0,3.0,928.0,Mitchel,Y,Normal,146500
630,1470,630.0,4,6,1970,1970,1,1,0,3,0,0.0,0.0,MeadowV,Y,Normal,73000
1092,1484,546.0,4,4,1972,1972,3,1,1,5,0,1.0,253.0,MeadowV,Y,Normal,79400
1360,13384,1104.0,5,5,1969,1979,3,1,0,8,1,1.0,336.0,Mitchel,Y,Normal,140000
630,1533,630.0,5,7,1970,1970,1,1,0,3,0,0.0,0.0,MeadowV,Y,Abnorml,92000
1092,1533,546.0,4,5,1970,1970,3,1,1,5,0,1.0,286.0,MeadowV,Y,Abnorml,87550
1092,1526,546.0,4,5,1970,1970,3,1,1,5,0,0.0,0.0,MeadowV,Y,Normal,79500
1092,1936,546.0,4,7,1970,1970,3,1,1,5,0,0.0,0.0,MeadowV,Y,Normal,90500
1092,1894,546.0,4,5,1970,1970,3,1,1,6,0,1.0,286.0,MeadowV,Y,Abnorml,71000
1728,12640,1728.0,6,5,1976,1976,4,2,0,8,0,2.0,574.0,Mitchel,Y,Normal,150900
1728,9297,1728.0,5,5,1976,1976,4,2,0,8,0,2.0,560.0,Mitchel,Y,Family,188000
1126,17400,1126.0,5,5,1977,1977,3,2,0,5,1,2.0,484.0,Mitchel,Y,Normal,160000
1224,20000,1224.0,5,7,1960,1996,4,1,0,7,1,2.0,576.0,Mitchel,Y,Abnorml,131000
1003,7937,1003.0,6,6,1984,1984,3,1,0,6,0,2.0,588.0,Mitchel,Y,Normal,142500
902,8885,864.0,5,5,1983,1983,2,1,0,5,0,2.0,484.0,Mitchel,Y,Normal,131000
970,10441,912.0,5,5,1992,1992,3,1,0,6,0,0.0,0.0,Mitchel,Y,Normal,132000
1389,10010,1389.0,5,5,1974,1975,2,1,0,6,1,2.0,418.0,Mitchel,Y,Normal,170000
2000,9627,996.0,7,5,1993,1994,3,2,1,9,1,3.0,650.0,Mitchel,Y,Normal,188000
